[
  {
    "value": "violin",
    "synonyms": [
      "violin"
    ]
  },
  {
    "value": "wedding dress",
    "synonyms": [
      "wedding dress"
    ]
  },
  {
    "value": "battery",
    "synonyms": [
      "battery"
    ]
  },
  {
    "value": "medication",
    "synonyms": [
      "medication",
      "pills",
      "tablets",
      "cough syrup"
    ]
  },
  {
    "value": "surfboard",
    "synonyms": [
      "surfboard"
    ]
  },
  {
    "value": "guitar",
    "synonyms": [
      "guitar"
    ]
  }
]