[
  {
    "value": "coat",
    "synonyms": [
      "coat"
    ]
  },
  {
    "value": "boots",
    "synonyms": [
      "boots"
    ]
  },
  {
    "value": "suit",
    "synonyms": [
      "suit"
    ]
  },
  {
    "value": "sweatshirt",
    "synonyms": [
      "sweatshirt"
    ]
  },
  {
    "value": "rain jacket",
    "synonyms": [
      "rain jacket"
    ]
  },
  {
    "value": "tennis shoes",
    "synonyms": [
      "tennis shoes"
    ]
  },
  {
    "value": "bathing suit",
    "synonyms": [
      "bathing suit"
    ]
  },
  {
    "value": "casual shirt",
    "synonyms": [
      "casual shirt"
    ]
  },
  {
    "value": "sunglasses",
    "synonyms": [
      "sunglasses",
      "sun glasses"
    ]
  },
  {
    "value": "cardigan",
    "synonyms": [
      "cardigan"
    ]
  },
  {
    "value": "rain pants",
    "synonyms": [
      "rain pants"
    ]
  },
  {
    "value": "swimwear",
    "synonyms": [
      "swimwear"
    ]
  },
  {
    "value": "shorts",
    "synonyms": [
      "shorts"
    ]
  },
  {
    "value": "tank top",
    "synonyms": [
      "tank top"
    ]
  },
  {
    "value": "fleece top",
    "synonyms": [
      "fleece top"
    ]
  },
  {
    "value": "dress pants",
    "synonyms": [
      "dress pants"
    ]
  },
  {
    "value": "lounge wear",
    "synonyms": [
      "lounge wear"
    ]
  },
  {
    "value": "sweater",
    "synonyms": [
      "sweater"
    ]
  },
  {
    "value": "ski pants",
    "synonyms": [
      "ski pants"
    ]
  },
  {
    "value": "jacket",
    "synonyms": [
      "jacket"
    ]
  },
  {
    "value": "turtleneck",
    "synonyms": [
      "turtleneck"
    ]
  },
  {
    "value": "sleepwear",
    "synonyms": [
      "sleepwear"
    ]
  },
  {
    "value": "gloves",
    "synonyms": [
      "gloves"
    ]
  },
  {
    "value": "underwear",
    "synonyms": [
      "underwear"
    ]
  },
  {
    "value": "sleeve shirt",
    "synonyms": [
      "sleeve shirt"
    ]
  },
  {
    "value": "dress",
    "synonyms": [
      "dress"
    ]
  },
  {
    "value": "scarf",
    "synonyms": [
      "scarf"
    ]
  },
  {
    "value": "pants",
    "synonyms": [
      "pants"
    ]
  },
  {
    "value": "bra",
    "synonyms": [
      "bra"
    ]
  },
  {
    "value": "thermal pants",
    "synonyms": [
      "thermal pants"
    ]
  },
  {
    "value": "t-shirt",
    "synonyms": [
      "t-shirt"
    ]
  },
  {
    "value": "snowboard pants",
    "synonyms": [
      "snowboard pants"
    ]
  },
  {
    "value": "umbrella",
    "synonyms": [
      "umbrella"
    ]
  },
  {
    "value": "sandals",
    "synonyms": [
      "sandals"
    ]
  },
  {
    "value": "jeans",
    "synonyms": [
      "jeans"
    ]
  },
  {
    "value": "sneakers",
    "synonyms": [
      "sneakers"
    ]
  },
  {
    "value": "beanie",
    "synonyms": [
      "beanie"
    ]
  },
  {
    "value": "tie",
    "synonyms": [
      "tie"
    ]
  },
  {
    "value": "pajama",
    "synonyms": [
      "pajama",
      "pyjama"
    ]
  },
  {
    "value": "khakis",
    "synonyms": [
      "khakis"
    ]
  },
  {
    "value": "hoodie",
    "synonyms": [
      "hoodie"
    ]
  },
  {
    "value": "jumper",
    "synonyms": [
      "jumper"
    ]
  },
  {
    "value": "dress shirt",
    "synonyms": [
      "dress shirt"
    ]
  },
  {
    "value": "rain coat",
    "synonyms": [
      "rain coat",
      "raincoat"
    ]
  },
  {
    "value": "skirt",
    "synonyms": [
      "skirt",
      "skirts"
    ]
  },
  {
    "value": "neck gaiter",
    "synonyms": [
      "neck gaiter"
    ]
  },
  {
    "value": "wool socks",
    "synonyms": [
      "wool socks",
      "woolen socks"
    ]
  },
  {
    "value": "slippers",
    "synonyms": [
      "slippers"
    ]
  },
  {
    "value": "sweatpants",
    "synonyms": [
      "sweatpants"
    ]
  },
  {
    "value": "balaclava",
    "synonyms": [
      "balaclava"
    ]
  },
  {
    "value": "wool cap",
    "synonyms": [
      "wool cap"
    ]
  },
  {
    "value": "gum boots",
    "synonyms": [
      "gum boots",
      "gumboots"
    ]
  },
  {
    "value": "flips flops",
    "synonyms": [
      "flips flops"
    ]
  },
  {
    "value": "socks",
    "synonyms": [
      "socks"
    ]
  },
  {
    "value": "sunscreen",
    "synonyms": [
      "sunscreen"
    ]
  },
  {
    "value": "swim goggles",
    "synonyms": [
      "swim goggles"
    ]
  },
  {
    "value": "shawls",
    "synonyms": [
      "shawls"
    ]
  },
  {
    "value": "capri",
    "synonyms": [
      "capri"
    ]
  },
  {
    "value": "hat",
    "synonyms": [
      "hat"
    ]
  },
  {
    "value": "pool shoes",
    "synonyms": [
      "pool shoes"
    ]
  }
]