[
  {
    "value": "Alcoholic beverages",
    "synonyms": [
      "Alcoholic beverages"
    ]
  },
  {
    "value": "Grenades",
    "synonyms": [
      "Grenades"
    ]
  },
  {
    "value": "Fuel containers",
    "synonyms": [
      "Fuel containers"
    ]
  },
  {
    "value": "Lithium batteries",
    "synonyms": [
      "Lithium batteries"
    ]
  },
  {
    "value": "Gun",
    "synonyms": [
      "Gun"
    ]
  },
  {
    "value": "Oxygen Concentrators",
    "synonyms": [
      "Oxygen Concentrators"
    ]
  },
  {
    "value": "Medical or clinical thermometer",
    "synonyms": [
      "Medical or clinical thermometer"
    ]
  },
  {
    "value": "Scuba tanks",
    "synonyms": [
      "Scuba tanks"
    ]
  },
  {
    "value": "Underwater diving cylinders",
    "synonyms": [
      "Underwater diving cylinders"
    ]
  },
  {
    "value": "Rifles",
    "synonyms": [
      "Rifles"
    ]
  },
  {
    "value": "Stunning devices",
    "synonyms": [
      "Stunning devices"
    ]
  },
  {
    "value": "Revolver",
    "synonyms": [
      "Revolver"
    ]
  },
  {
    "value": "Aerosols",
    "synonyms": [
      "Aerosols"
    ]
  },
  {
    "value": "Pistol",
    "synonyms": [
      "Pistol"
    ]
  },
  {
    "value": "Dynamite",
    "synonyms": [
      "Dynamite"
    ]
  },
  {
    "value": "Pyrotechnic material",
    "synonyms": [
      "Pyrotechnic material"
    ]
  },
  {
    "value": "Toy gun",
    "synonyms": [
      "Toy gun"
    ]
  },
  {
    "value": "Mines",
    "synonyms": [
      "Mines"
    ]
  },
  {
    "value": "Firearm",
    "synonyms": [
      "Firearm"
    ]
  },
  {
    "value": "Shotgun",
    "synonyms": [
      "Shotgun"
    ]
  },
  {
    "value": "Liquid Oxygen",
    "synonyms": [
      "Liquid Oxygen"
    ]
  }
]