[
  {
    "value": "Mercy",
    "synonyms": [
      "Mercy"
    ]
  },
  {
    "value": "Starving",
    "synonyms": [
      "Starving"
    ]
  },
  {
    "value": "Versace On The Floor",
    "synonyms": [
      "Versace On The Floor"
    ]
  },
  {
    "value": "Hotel California",
    "synonyms": [
      "Hotel California"
    ]
  },
  {
    "value": "Treat You Better",
    "synonyms": [
      "Treat You Better"
    ]
  },
  {
    "value": "Let Her Go",
    "synonyms": [
      "Let Her Go"
    ]
  },
  {
    "value": "Castle On The Hill",
    "synonyms": [
      "Castle On The Hill"
    ]
  },
  {
    "value": "How Would You Feel",
    "synonyms": [
      "How Would You Feel"
    ]
  },
  {
    "value": "The A Team",
    "synonyms": [
      "The A Team"
    ]
  },
  {
    "value": "Lost Boy Acoustic",
    "synonyms": [
      "Lost Boy Acoustic"
    ]
  },
  {
    "value": "Somewhere Over The Rainbow",
    "synonyms": [
      "Somewhere Over The Rainbow"
    ]
  },
  {
    "value": "All I Want",
    "synonyms": [
      "All I Want"
    ]
  },
  {
    "value": "Cant Help Falling In Love With You",
    "synonyms": [
      "Cant Help Falling In Love With You"
    ]
  },
  {
    "value": "When I Was Your Man",
    "synonyms": [
      "When I Was Your Man"
    ]
  },
  {
    "value": "Versace On The Floor",
    "synonyms": [
      "Versace On The Floor"
    ]
  },
  {
    "value": "I Wont Give Up",
    "synonyms": [
      "I Wont Give Up"
    ]
  },
  {
    "value": "Shape Of You",
    "synonyms": [
      "Shape Of You"
    ]
  },
  {
    "value": "Hey Jude",
    "synonyms": [
      "Hey Jude"
    ]
  },
  {
    "value": "Love",
    "synonyms": [
      "Love"
    ]
  },
  {
    "value": "Chasing Cars",
    "synonyms": [
      "Chasing Cars"
    ]
  },
  {
    "value": "All I Ask",
    "synonyms": [
      "All I Ask"
    ]
  },
  {
    "value": "Im Not The Only One",
    "synonyms": [
      "Im Not The Only One"
    ]
  },
  {
    "value": "Hello",
    "synonyms": [
      "Hello"
    ]
  },
  {
    "value": "Sweater Weather",
    "synonyms": [
      "Sweater Weather"
    ]
  },
  {
    "value": "Versace On The Floor",
    "synonyms": [
      "Versace On The Floor"
    ]
  },
  {
    "value": "7 Years",
    "synonyms": [
      "7 Years"
    ]
  },
  {
    "value": "Youve Got A Friend In Me",
    "synonyms": [
      "Youve Got A Friend In Me"
    ]
  },
  {
    "value": "Make You Feel My Love",
    "synonyms": [
      "Make You Feel My Love"
    ]
  },
  {
    "value": "Shape Of You",
    "synonyms": [
      "Shape Of You"
    ]
  },
  {
    "value": "Hey Soul Sister",
    "synonyms": [
      "Hey Soul Sister"
    ]
  },
  {
    "value": "Dancing On My Own",
    "synonyms": [
      "Dancing On My Own"
    ]
  },
  {
    "value": "Someone Like You",
    "synonyms": [
      "Someone Like You"
    ]
  },
  {
    "value": "Heathens",
    "synonyms": [
      "Heathens"
    ]
  },
  {
    "value": "House Of The Rising Sun",
    "synonyms": [
      "House Of The Rising Sun"
    ]
  },
  {
    "value": "Something Just Like This",
    "synonyms": [
      "Something Just Like This"
    ]
  },
  {
    "value": "Radioactive",
    "synonyms": [
      "Radioactive"
    ]
  },
  {
    "value": "One Call Away",
    "synonyms": [
      "One Call Away"
    ]
  },
  {
    "value": "How Far Ill Go",
    "synonyms": [
      "How Far Ill Go"
    ]
  },
  {
    "value": "I Dont Wanna Live Forever",
    "synonyms": [
      "I Dont Wanna Live Forever"
    ]
  },
  {
    "value": "We Dont Talk Anymore",
    "synonyms": [
      "We Dont Talk Anymore"
    ]
  },
  {
    "value": "Skinny Love",
    "synonyms": [
      "Skinny Love"
    ]
  },
  {
    "value": "Wonderwall",
    "synonyms": [
      "Wonderwall"
    ]
  },
  {
    "value": "Stairway To Heaven",
    "synonyms": [
      "Stairway To Heaven"
    ]
  },
  {
    "value": "Sound Of Silence",
    "synonyms": [
      "Sound Of Silence"
    ]
  },
  {
    "value": "Fix You Acoustic",
    "synonyms": [
      "Fix You Acoustic"
    ]
  },
  {
    "value": "Hallelujah",
    "synonyms": [
      "Hallelujah"
    ]
  },
  {
    "value": "Jolene",
    "synonyms": [
      "Jolene"
    ]
  },
  {
    "value": "Creep",
    "synonyms": [
      "Creep"
    ]
  },
  {
    "value": "Stay With Me",
    "synonyms": [
      "Stay With Me"
    ]
  },
  {
    "value": "City Of Stars",
    "synonyms": [
      "City Of Stars"
    ]
  },
  {
    "value": "Love On The Brain",
    "synonyms": [
      "Love On The Brain"
    ]
  },
  {
    "value": "Rockabye",
    "synonyms": [
      "Rockabye"
    ]
  },
  {
    "value": "Hallelujah",
    "synonyms": [
      "Hallelujah"
    ]
  },
  {
    "value": "Yellow Acoustic",
    "synonyms": [
      "Yellow Acoustic"
    ]
  },
  {
    "value": "Human",
    "synonyms": [
      "Human"
    ]
  },
  {
    "value": "Dont Look Back In Anger",
    "synonyms": [
      "Dont Look Back In Anger"
    ]
  },
  {
    "value": "Shape Of You",
    "synonyms": [
      "Shape Of You"
    ]
  },
  {
    "value": "Iris",
    "synonyms": [
      "Iris"
    ]
  },
  {
    "value": "Thinking Out Loud",
    "synonyms": [
      "Thinking Out Loud"
    ]
  },
  {
    "value": "Wish You Were Here",
    "synonyms": [
      "Wish You Were Here"
    ]
  },
  {
    "value": "Stitches",
    "synonyms": [
      "Stitches"
    ]
  },
  {
    "value": "Halo",
    "synonyms": [
      "Halo"
    ]
  },
  {
    "value": "Im Yours",
    "synonyms": [
      "Im Yours"
    ]
  },
  {
    "value": "Good Riddance Time Of Your Life",
    "synonyms": [
      "Good Riddance Time Of Your Life"
    ]
  },
  {
    "value": "Say You Wont Let Go",
    "synonyms": [
      "Say You Wont Let Go"
    ]
  },
  {
    "value": "Redemption Song",
    "synonyms": [
      "Redemption Song"
    ]
  },
  {
    "value": "Surat Cinta Untuk Starla",
    "synonyms": [
      "Surat Cinta Untuk Starla"
    ]
  },
  {
    "value": "Closer",
    "synonyms": [
      "Closer"
    ]
  },
  {
    "value": "Under The Bridge",
    "synonyms": [
      "Under The Bridge"
    ]
  },
  {
    "value": "Let It Be",
    "synonyms": [
      "Let It Be"
    ]
  },
  {
    "value": "Let It Go",
    "synonyms": [
      "Let It Go"
    ]
  },
  {
    "value": "This Town",
    "synonyms": [
      "This Town"
    ]
  },
  {
    "value": "Photograph",
    "synonyms": [
      "Photograph"
    ]
  },
  {
    "value": "Hurt",
    "synonyms": [
      "Hurt"
    ]
  },
  {
    "value": "When We Were Young",
    "synonyms": [
      "When We Were Young"
    ]
  },
  {
    "value": "Wonderwall",
    "synonyms": [
      "Wonderwall"
    ]
  },
  {
    "value": "La La Land - Audition The Fools Who Dream",
    "synonyms": [
      "La La Land - Audition The Fools Who Dream"
    ]
  },
  {
    "value": "Castle On The Hill",
    "synonyms": [
      "Castle On The Hill"
    ]
  },
  {
    "value": "City Of Stars Acoustic",
    "synonyms": [
      "City Of Stars Acoustic"
    ]
  },
  {
    "value": "Million Reasons",
    "synonyms": [
      "Million Reasons"
    ]
  },
  {
    "value": "A Thousand Years",
    "synonyms": [
      "A Thousand Years"
    ]
  },
  {
    "value": "Counting Stars",
    "synonyms": [
      "Counting Stars"
    ]
  },
  {
    "value": "All Of Me",
    "synonyms": [
      "All Of Me"
    ]
  },
  {
    "value": "Nothing Else Matters",
    "synonyms": [
      "Nothing Else Matters"
    ]
  },
  {
    "value": "Love Yourself",
    "synonyms": [
      "Love Yourself"
    ]
  },
  {
    "value": "Closer",
    "synonyms": [
      "Closer"
    ]
  },
  {
    "value": "Riptide",
    "synonyms": [
      "Riptide"
    ]
  },
  {
    "value": "More Than Words",
    "synonyms": [
      "More Than Words"
    ]
  },
  {
    "value": "Faded",
    "synonyms": [
      "Faded"
    ]
  },
  {
    "value": "Boulevard Of Broken Dreams Acoustic",
    "synonyms": [
      "Boulevard Of Broken Dreams Acoustic"
    ]
  },
  {
    "value": "Imagine",
    "synonyms": [
      "Imagine"
    ]
  },
  {
    "value": "Blackbird",
    "synonyms": [
      "Blackbird"
    ]
  },
  {
    "value": "Say Something",
    "synonyms": [
      "Say Something"
    ]
  },
  {
    "value": "Hey There Delilah",
    "synonyms": [
      "Hey There Delilah"
    ]
  },
  {
    "value": "Wish You Were Here",
    "synonyms": [
      "Wish You Were Here"
    ]
  },
  {
    "value": "I See Fire",
    "synonyms": [
      "I See Fire"
    ]
  },
  {
    "value": "Shape Of You",
    "synonyms": [
      "Shape Of You"
    ]
  },
  {
    "value": "The Scientist Acoustic",
    "synonyms": [
      "The Scientist Acoustic"
    ]
  },
  {
    "value": "Sweet Child O Mine",
    "synonyms": [
      "Sweet Child O Mine"
    ]
  },
  {
    "value": "City Of Stars",
    "synonyms": [
      "City Of Stars"
    ]
  },
  {
    "value": "City Of Stars",
    "synonyms": [
      "City Of Stars"
    ]
  }
]