[
  {
    "value": "blanket",
    "synonyms": [
      "blanket"
    ]
  },
  {
    "value": "wheelchair",
    "synonyms": [
      "wheelchair"
    ]
  },
  {
    "value": "assistant",
    "synonyms": [
      "assistant",
      "assistance"
    ]
  },
  {
    "value": "assistant for elders",
    "synonyms": [
      "assistant for elders"
    ]
  },
  {
    "value": "assistant for minors",
    "synonyms": [
      "assistant for minors",
      "assistant for minors trevelling by themselves"
    ]
  }
]