[
  {
    "id": "8edb71f3-f70d-4e3c-90f5-4d8dd57ef3e2",
    "data": [
      {
        "text": "book flight from ",
        "userDefined": false
      },
      {
        "text": "1 Jan",
        "alias": "departure",
        "meta": "@sys.date-time",
        "userDefined": true
      },
      {
        "text": " to ",
        "userDefined": false
      },
      {
        "text": "10 Jan",
        "alias": "return",
        "meta": "@sys.date-time",
        "userDefined": true
      },
      {
        "text": " to ",
        "userDefined": false
      },
      {
        "text": "Barcelona",
        "alias": "to",
        "meta": "@sys.location",
        "userDefined": true
      }
    ],
    "isTemplate": false,
    "count": 0,
    "updated": 0
  },
  {
    "id": "22a6901b-7461-42ba-8d79-d49adca97966",
    "data": [
      {
        "text": "book me a flight to ",
        "userDefined": false
      },
      {
        "text": "Amsterdam",
        "alias": "to",
        "meta": "@sys.location",
        "userDefined": true
      }
    ],
    "isTemplate": false,
    "count": 0,
    "updated": 0
  },
  {
    "id": "dd94a1e7-a4de-4d33-878d-33b8bb0fe7d6",
    "data": [
      {
        "text": "book a flight for me from ",
        "userDefined": false
      },
      {
        "text": "Ottawa",
        "alias": "from",
        "meta": "@sys.location",
        "userDefined": false
      },
      {
        "text": " on ",
        "userDefined": false
      },
      {
        "text": "June 11th",
        "alias": "departure",
        "meta": "@sys.date-time",
        "userDefined": false
      }
    ],
    "isTemplate": false,
    "count": 1,
    "updated": 0
  },
  {
    "id": "8356a89a-bbc5-4655-8795-a592b84b7846",
    "data": [
      {
        "text": "book",
        "meta": "@sys.ignore",
        "userDefined": true
      },
      {
        "text": " flight from here to ",
        "userDefined": false
      },
      {
        "text": "London",
        "alias": "to",
        "meta": "@sys.location",
        "userDefined": true
      }
    ],
    "isTemplate": false,
    "count": 0,
    "updated": 0
  },
  {
    "id": "43100363-7f76-4a62-aa88-6db49ef92860",
    "data": [
      {
        "text": "can you please book the tickets for the following flight ",
        "userDefined": false
      },
      {
        "text": "FRA",
        "alias": "from",
        "meta": "@sys.location",
        "userDefined": true
      },
      {
        "text": " to ",
        "userDefined": false
      },
      {
        "text": "MUC",
        "alias": "to",
        "meta": "@sys.location",
        "userDefined": true
      }
    ],
    "isTemplate": false,
    "count": 0,
    "updated": 0
  },
  {
    "id": "8b3cff18-9c4d-4c56-8d13-c593da7de799",
    "data": [
      {
        "text": "book",
        "meta": "@sys.ignore",
        "userDefined": true
      },
      {
        "text": " flight in ",
        "userDefined": false
      },
      {
        "text": "business",
        "alias": "class",
        "meta": "@class",
        "userDefined": true
      },
      {
        "text": " class",
        "userDefined": false
      }
    ],
    "isTemplate": false,
    "count": 0,
    "updated": 0
  },
  {
    "id": "3e60e41c-53d3-4d3f-b143-f3d6a4e88d74",
    "data": [
      {
        "text": "I want ",
        "userDefined": false
      },
      {
        "text": "to",
        "meta": "@sys.ignore",
        "userDefined": false
      },
      {
        "text": " ",
        "userDefined": false
      },
      {
        "text": "book",
        "meta": "@sys.ignore",
        "userDefined": false
      },
      {
        "text": " ",
        "userDefined": false
      },
      {
        "text": "4",
        "alias": "adult",
        "meta": "@sys.number",
        "userDefined": true
      },
      {
        "text": " flight ",
        "userDefined": false
      },
      {
        "text": "tickets",
        "meta": "@sys.ignore",
        "userDefined": false
      }
    ],
    "isTemplate": false,
    "count": 1,
    "updated": 0
  },
  {
    "id": "fe52e4d4-b058-47db-a2fc-82695805d153",
    "data": [
      {
        "text": "book flight from ",
        "userDefined": false
      },
      {
        "text": "Moscow",
        "alias": "from",
        "meta": "@sys.location",
        "userDefined": true
      },
      {
        "text": " to ",
        "userDefined": false
      },
      {
        "text": "Paris",
        "alias": "to",
        "meta": "@sys.location",
        "userDefined": true
      },
      {
        "text": " for less than ",
        "userDefined": false
      },
      {
        "text": "200 euro",
        "alias": "price",
        "meta": "@sys.unit-currency",
        "userDefined": true
      },
      {
        "text": " no more than ",
        "userDefined": false
      },
      {
        "text": "1",
        "alias": "stops",
        "meta": "@sys.number",
        "userDefined": true
      },
      {
        "text": " stop",
        "userDefined": false
      }
    ],
    "isTemplate": false,
    "count": 0,
    "updated": 0
  },
  {
    "id": "68d5d5fa-afd1-433c-910f-3572d090d71c",
    "data": [
      {
        "text": "get",
        "meta": "@sys.ignore",
        "userDefined": true
      },
      {
        "text": " me an airplane ticket from ",
        "userDefined": false
      },
      {
        "text": "here",
        "meta": "@sys.ignore",
        "userDefined": true
      },
      {
        "text": " to ",
        "userDefined": false
      },
      {
        "text": "Moscow",
        "alias": "to",
        "meta": "@sys.location",
        "userDefined": true
      }
    ],
    "isTemplate": false,
    "count": 0,
    "updated": 0
  },
  {
    "id": "a29cd480-b2b9-4d6e-a173-01359b065a82",
    "data": [
      {
        "text": "please ",
        "userDefined": false
      },
      {
        "text": "book",
        "meta": "@sys.ignore",
        "userDefined": true
      },
      {
        "text": " ",
        "userDefined": false
      },
      {
        "text": "me",
        "meta": "@sys.ignore",
        "userDefined": true
      },
      {
        "text": " ",
        "userDefined": false
      },
      {
        "text": "BKK",
        "alias": "from",
        "meta": "@sys.location",
        "userDefined": true
      },
      {
        "text": " to ",
        "userDefined": false
      },
      {
        "text": "RGN",
        "alias": "to",
        "meta": "@sys.location",
        "userDefined": true
      },
      {
        "text": " on ",
        "userDefined": false
      },
      {
        "text": "26 July",
        "alias": "departure",
        "meta": "@sys.date-time",
        "userDefined": true
      },
      {
        "text": " return ",
        "userDefined": false
      },
      {
        "text": "28 July",
        "alias": "return",
        "meta": "@sys.date-time",
        "userDefined": true
      }
    ],
    "isTemplate": false,
    "count": 0,
    "updated": 0
  },
  {
    "id": "219c985e-e2c8-4ce5-8ba6-af6580552ec3",
    "data": [
      {
        "text": "book flights for ",
        "userDefined": false
      },
      {
        "text": "3",
        "alias": "adult",
        "meta": "@sys.number",
        "userDefined": true
      },
      {
        "text": " adults from ",
        "userDefined": false
      },
      {
        "text": "March 8",
        "alias": "departure",
        "meta": "@sys.date-time",
        "userDefined": true
      },
      {
        "text": " till ",
        "userDefined": false
      },
      {
        "text": "May 17",
        "alias": "return",
        "meta": "@sys.date-time",
        "userDefined": true
      },
      {
        "text": " from ",
        "userDefined": false
      },
      {
        "text": "New Delhi",
        "alias": "from",
        "meta": "@sys.location",
        "userDefined": true
      },
      {
        "text": " to ",
        "userDefined": false
      },
      {
        "text": "Frankfurt",
        "alias": "to",
        "meta": "@sys.location",
        "userDefined": true
      }
    ],
    "isTemplate": false,
    "count": 1,
    "updated": 0
  },
  {
    "id": "efb7e7dd-85fe-42d2-91f7-f98f505ee413",
    "data": [
      {
        "text": "I ",
        "userDefined": false
      },
      {
        "text": "need to",
        "meta": "@sys.ignore",
        "userDefined": true
      },
      {
        "text": " ",
        "userDefined": false
      },
      {
        "text": "book",
        "meta": "@sys.ignore",
        "userDefined": true
      },
      {
        "text": " a flight for ",
        "userDefined": false
      },
      {
        "text": "tomorrow\u0027s",
        "alias": "departure",
        "meta": "@sys.date-time",
        "userDefined": true
      },
      {
        "text": " trip",
        "userDefined": false
      }
    ],
    "isTemplate": false,
    "count": 0,
    "updated": 0
  },
  {
    "id": "ceb7f4f0-4afc-4ba3-a781-4e8b5379de52",
    "data": [
      {
        "text": "book a flight ticket to ",
        "userDefined": false
      },
      {
        "text": "Denpasar",
        "alias": "to",
        "meta": "@sys.location",
        "userDefined": false
      },
      {
        "text": " on ",
        "userDefined": false
      },
      {
        "text": "Next Monday",
        "alias": "departure",
        "meta": "@sys.date-time",
        "userDefined": false
      }
    ],
    "isTemplate": false,
    "count": 1,
    "updated": 0
  },
  {
    "id": "0d5d9102-e220-4ba0-8612-ca734b136327",
    "data": [
      {
        "text": "get me a ",
        "userDefined": false
      },
      {
        "text": "non-stop",
        "alias": "nonstop",
        "meta": "@nonstop",
        "userDefined": true
      },
      {
        "text": " flight to ",
        "userDefined": false
      },
      {
        "text": "Amsterdam",
        "alias": "to",
        "meta": "@sys.location",
        "userDefined": true
      },
      {
        "text": " for ",
        "userDefined": false
      },
      {
        "text": "tomorrow",
        "alias": "departure",
        "meta": "@sys.date-time",
        "userDefined": true
      }
    ],
    "isTemplate": false,
    "count": 0,
    "updated": 0
  },
  {
    "id": "e722a304-ff1c-4ba1-9b97-8f240133caea",
    "data": [
      {
        "text": "I\u0027m going to fly to ",
        "userDefined": false
      },
      {
        "text": "Amsterdam",
        "alias": "to",
        "meta": "@sys.location",
        "userDefined": true
      },
      {
        "text": " ",
        "userDefined": false
      },
      {
        "text": "alone",
        "alias": "adult",
        "meta": "@sys.number",
        "userDefined": true
      },
      {
        "text": " ",
        "userDefined": false
      },
      {
        "text": "book",
        "meta": "@sys.ignore",
        "userDefined": true
      },
      {
        "text": " a flight",
        "userDefined": false
      }
    ],
    "isTemplate": false,
    "count": 0,
    "updated": 0
  },
  {
    "id": "df287b72-239f-45bc-8624-4215d52343c6",
    "data": [
      {
        "text": "book ",
        "userDefined": false
      },
      {
        "text": "one way",
        "alias": "ticket-type",
        "meta": "@ticket-type",
        "userDefined": true
      },
      {
        "text": " ticket to ",
        "userDefined": false
      },
      {
        "text": "Barcelona",
        "alias": "to",
        "meta": "@sys.location",
        "userDefined": true
      },
      {
        "text": " for ",
        "userDefined": false
      },
      {
        "text": "tomorrow",
        "alias": "departure",
        "meta": "@sys.date-time",
        "userDefined": true
      }
    ],
    "isTemplate": false,
    "count": 0,
    "updated": 0
  },
  {
    "id": "54bb9a36-487b-4de3-9218-6b8948b3302f",
    "data": [
      {
        "text": "book flights for ",
        "userDefined": false
      },
      {
        "text": "2",
        "alias": "adult",
        "meta": "@sys.number",
        "userDefined": true
      },
      {
        "text": " people from ",
        "userDefined": false
      },
      {
        "text": "New York",
        "alias": "from",
        "meta": "@sys.location",
        "userDefined": true
      },
      {
        "text": " to ",
        "userDefined": false
      },
      {
        "text": "Ottawa",
        "alias": "to",
        "meta": "@sys.location",
        "userDefined": true
      },
      {
        "text": " for ",
        "userDefined": false
      },
      {
        "text": "February 7-10",
        "alias": "departure",
        "meta": "@sys.date-time",
        "userDefined": true
      }
    ],
    "isTemplate": false,
    "count": 1,
    "updated": 0
  },
  {
    "id": "f8961d7e-4368-43b9-b6e9-c95e1a200656",
    "data": [
      {
        "text": "book ",
        "userDefined": false
      },
      {
        "text": "one way",
        "alias": "ticket-type",
        "meta": "@ticket-type",
        "userDefined": true
      },
      {
        "text": " ticket to ",
        "userDefined": false
      },
      {
        "text": "Barcelona",
        "alias": "to",
        "meta": "@sys.location",
        "userDefined": true
      },
      {
        "text": " from ",
        "userDefined": false
      },
      {
        "text": "1 Jan",
        "alias": "departure",
        "meta": "@sys.date-time",
        "userDefined": true
      },
      {
        "text": " till ",
        "userDefined": false
      },
      {
        "text": "10 Jan",
        "alias": "return",
        "meta": "@sys.date-time",
        "userDefined": true
      }
    ],
    "isTemplate": false,
    "count": 0,
    "updated": 0
  },
  {
    "id": "3a054f8b-7b6f-42eb-a6b6-ca9dc297f31c",
    "data": [
      {
        "text": "book a flight from ",
        "userDefined": false
      },
      {
        "text": "Bogota",
        "alias": "from",
        "meta": "@sys.location",
        "userDefined": false
      },
      {
        "text": " to ",
        "userDefined": false
      },
      {
        "text": "Madrid",
        "alias": "to",
        "meta": "@sys.location",
        "userDefined": false
      },
      {
        "text": " departing on ",
        "userDefined": false
      },
      {
        "text": "December 21",
        "alias": "departure",
        "meta": "@sys.date-time",
        "userDefined": false
      }
    ],
    "isTemplate": false,
    "count": 1,
    "updated": 0
  },
  {
    "id": "f17877eb-9902-4d6b-8b14-99936022dbe1",
    "data": [
      {
        "text": "book me a flight to ",
        "userDefined": false
      },
      {
        "text": "New York",
        "alias": "to",
        "meta": "@sys.location",
        "userDefined": true
      },
      {
        "text": " ",
        "userDefined": false
      },
      {
        "text": "tomorrow afternoon",
        "alias": "departure",
        "meta": "@sys.date-time",
        "userDefined": true
      }
    ],
    "isTemplate": false,
    "count": 0,
    "updated": 0
  },
  {
    "id": "e40fb456-e97a-4ec9-ada0-45766b89e5a4",
    "data": [
      {
        "text": "book flight from ",
        "userDefined": false
      },
      {
        "text": "1 Jan",
        "alias": "departure",
        "meta": "@sys.date-time",
        "userDefined": true
      },
      {
        "text": " to ",
        "userDefined": false
      },
      {
        "text": "10 Jan",
        "alias": "return",
        "meta": "@sys.date-time",
        "userDefined": true
      },
      {
        "text": " to ",
        "userDefined": false
      },
      {
        "text": "Madrid",
        "alias": "to",
        "meta": "@sys.location",
        "userDefined": true
      }
    ],
    "isTemplate": false,
    "count": 0,
    "updated": 0
  },
  {
    "id": "3a829a8c-713f-4845-9ca4-994f51d1aadc",
    "data": [
      {
        "text": "book ",
        "userDefined": false
      },
      {
        "text": "one way",
        "alias": "ticket-type",
        "meta": "@ticket-type",
        "userDefined": true
      },
      {
        "text": " ticket to ",
        "userDefined": false
      },
      {
        "text": "Barcelona",
        "alias": "to",
        "meta": "@sys.location",
        "userDefined": true
      }
    ],
    "isTemplate": false,
    "count": 0,
    "updated": 0
  },
  {
    "id": "775a7134-8866-43e1-b6d3-5e8ffd9c8ee5",
    "data": [
      {
        "text": "get",
        "meta": "@sys.ignore",
        "userDefined": true
      },
      {
        "text": " me an airplane ticket in ",
        "userDefined": false
      },
      {
        "text": "business",
        "alias": "class",
        "meta": "@class",
        "userDefined": true
      },
      {
        "text": " class",
        "userDefined": false
      }
    ],
    "isTemplate": false,
    "count": 0,
    "updated": 0
  },
  {
    "id": "6504de49-c156-4261-ad56-f6c2a8845422",
    "data": [
      {
        "text": "get me ",
        "userDefined": false
      },
      {
        "text": "cheapest",
        "alias": "sort",
        "meta": "@map-sort",
        "userDefined": true
      },
      {
        "text": " flights to ",
        "userDefined": false
      },
      {
        "text": "London",
        "alias": "to",
        "meta": "@sys.location",
        "userDefined": true
      },
      {
        "text": " for ",
        "userDefined": false
      },
      {
        "text": "October 03",
        "alias": "departure",
        "meta": "@sys.date-time",
        "userDefined": true
      }
    ],
    "isTemplate": false,
    "count": 0,
    "updated": 0
  },
  {
    "id": "a8067b89-c8f6-488f-b35d-bc3f8e1219a7",
    "data": [
      {
        "text": "book me a flight from ",
        "userDefined": false
      },
      {
        "text": "Dubai",
        "alias": "from",
        "meta": "@sys.location",
        "userDefined": false
      },
      {
        "text": " to ",
        "userDefined": false
      },
      {
        "text": "Los Angeles",
        "alias": "to",
        "meta": "@sys.location",
        "userDefined": true
      }
    ],
    "isTemplate": false,
    "count": 1,
    "updated": 0
  },
  {
    "id": "28b1ec15-c864-4de5-9fac-8834ef1dc868",
    "data": [
      {
        "text": "book flight ",
        "userDefined": false
      },
      {
        "text": "business",
        "alias": "class",
        "meta": "@class",
        "userDefined": true
      },
      {
        "text": " class",
        "userDefined": false
      }
    ],
    "isTemplate": false,
    "count": 0,
    "updated": 0
  },
  {
    "id": "a91b75be-e605-488b-9dc1-42bd3232027e",
    "data": [
      {
        "text": "I need to book a flight from ",
        "userDefined": false
      },
      {
        "text": "California",
        "alias": "from",
        "meta": "@sys.location",
        "userDefined": true
      },
      {
        "text": " to ",
        "userDefined": false
      },
      {
        "text": "Seoul",
        "alias": "to",
        "meta": "@sys.location",
        "userDefined": true
      }
    ],
    "isTemplate": false,
    "count": 1,
    "updated": 0
  },
  {
    "id": "c9bad4d5-935d-44cb-bc21-93b13156517f",
    "data": [
      {
        "text": "book",
        "meta": "@sys.ignore",
        "userDefined": true
      },
      {
        "text": " flight from ",
        "userDefined": false
      },
      {
        "text": "London",
        "alias": "from",
        "meta": "@sys.location",
        "userDefined": true
      },
      {
        "text": " to my city",
        "userDefined": false
      }
    ],
    "isTemplate": false,
    "count": 0,
    "updated": 0
  },
  {
    "id": "5e9dda9d-e613-4e0c-ba43-66b9723e2bdd",
    "data": [
      {
        "text": "booking",
        "meta": "@sys.ignore",
        "userDefined": false
      },
      {
        "text": " for a ",
        "userDefined": false
      },
      {
        "text": "trip",
        "meta": "@sys.ignore",
        "userDefined": false
      },
      {
        "text": " from ",
        "userDefined": false
      },
      {
        "text": "London",
        "alias": "from",
        "meta": "@sys.location",
        "userDefined": false
      },
      {
        "text": " ",
        "userDefined": false
      },
      {
        "text": "to",
        "meta": "@sys.ignore",
        "userDefined": false
      },
      {
        "text": " ",
        "userDefined": false
      },
      {
        "text": "New York",
        "alias": "to",
        "meta": "@sys.location",
        "userDefined": false
      }
    ],
    "isTemplate": false,
    "count": 0,
    "updated": 0
  },
  {
    "id": "a801f907-b57f-491f-a438-dc5dca75e029",
    "data": [
      {
        "text": "flight reservation from ",
        "userDefined": false
      },
      {
        "text": "Seattle",
        "alias": "from",
        "meta": "@sys.location",
        "userDefined": true
      },
      {
        "text": " to ",
        "userDefined": false
      },
      {
        "text": "Honolulu",
        "alias": "to",
        "meta": "@sys.location",
        "userDefined": true
      },
      {
        "text": " in the month of ",
        "userDefined": false
      },
      {
        "text": "June",
        "alias": "departure",
        "meta": "@sys.date-time",
        "userDefined": true
      }
    ],
    "isTemplate": false,
    "count": 1,
    "updated": 0
  },
  {
    "id": "4aaa6bcf-bf7a-4af2-84c0-4eda8e19fcee",
    "data": [
      {
        "text": "can you book a flight to ",
        "userDefined": false
      },
      {
        "text": "Rome",
        "alias": "to",
        "meta": "@sys.location",
        "userDefined": false
      },
      {
        "text": " from ",
        "userDefined": false
      },
      {
        "text": "Japan",
        "alias": "from",
        "meta": "@sys.location",
        "userDefined": false
      }
    ],
    "isTemplate": false,
    "count": 1,
    "updated": 0
  },
  {
    "id": "99cd8e44-7927-4376-917d-52260b26456f",
    "data": [
      {
        "text": "book ",
        "userDefined": false
      },
      {
        "text": "nonstop",
        "alias": "nonstop",
        "meta": "@nonstop",
        "userDefined": true
      },
      {
        "text": " flight",
        "userDefined": false
      }
    ],
    "isTemplate": false,
    "count": 0,
    "updated": 0
  },
  {
    "id": "77bcd9f1-f3a3-4e1f-a17d-358dceb2118b",
    "data": [
      {
        "text": "can you book me a flight from ",
        "userDefined": false
      },
      {
        "text": "LAX",
        "alias": "from",
        "meta": "@sys.location",
        "userDefined": false
      },
      {
        "text": " to ",
        "userDefined": false
      },
      {
        "text": "JFK",
        "alias": "to",
        "meta": "@sys.location",
        "userDefined": false
      },
      {
        "text": " from ",
        "userDefined": false
      },
      {
        "text": "12th",
        "alias": "departure",
        "meta": "@sys.date-time",
        "userDefined": false
      },
      {
        "text": " to ",
        "userDefined": false
      },
      {
        "text": "15th",
        "alias": "return",
        "meta": "@sys.date-time",
        "userDefined": false
      },
      {
        "text": " ",
        "userDefined": false
      },
      {
        "text": "economy",
        "alias": "class",
        "meta": "@class",
        "userDefined": false
      },
      {
        "text": " please",
        "userDefined": false
      }
    ],
    "isTemplate": false,
    "count": 1,
    "updated": 0
  },
  {
    "id": "a5bc247c-95ff-4ce7-a39d-6cf9e3f91c72",
    "data": [
      {
        "text": "book",
        "meta": "@sys.ignore",
        "userDefined": true
      },
      {
        "text": " a flight from ",
        "userDefined": false
      },
      {
        "text": "Berlin",
        "alias": "from",
        "meta": "@sys.location",
        "userDefined": true
      }
    ],
    "isTemplate": false,
    "count": 0,
    "updated": 0
  },
  {
    "id": "4a1e374f-ffcf-4010-bca5-a3b6caecc6e8",
    "data": [
      {
        "text": "book ",
        "userDefined": false
      },
      {
        "text": "Air Georgian",
        "alias": "airline",
        "meta": "@airline",
        "userDefined": true
      },
      {
        "text": " flight",
        "userDefined": false
      }
    ],
    "isTemplate": false,
    "count": 0,
    "updated": 0
  },
  {
    "id": "20a5e42e-fb9d-4d28-85f2-204510231d9e",
    "data": [
      {
        "text": "book a flight for ",
        "userDefined": false
      },
      {
        "text": "2",
        "alias": "adult",
        "meta": "@sys.number",
        "userDefined": true
      },
      {
        "text": " adults",
        "userDefined": false
      }
    ],
    "isTemplate": false,
    "count": 0,
    "updated": 0
  },
  {
    "id": "dfe7b535-a0b5-42c7-a7e0-87f13d44ec9d",
    "data": [
      {
        "text": "book flight from ",
        "userDefined": false
      },
      {
        "text": "1 Jan",
        "alias": "departure",
        "meta": "@sys.date-time",
        "userDefined": true
      },
      {
        "text": " to ",
        "userDefined": false
      },
      {
        "text": "10 Jan",
        "alias": "return",
        "meta": "@sys.date-time",
        "userDefined": true
      },
      {
        "text": " from ",
        "userDefined": false
      },
      {
        "text": "Madrid",
        "alias": "from",
        "meta": "@sys.location",
        "userDefined": true
      },
      {
        "text": " to ",
        "userDefined": false
      },
      {
        "text": "Barcelona",
        "alias": "to",
        "meta": "@sys.location",
        "userDefined": true
      }
    ],
    "isTemplate": false,
    "count": 0,
    "updated": 0
  },
  {
    "id": "eb0854f9-9a66-49a4-b249-05671d4df970",
    "data": [
      {
        "text": "get",
        "meta": "@sys.ignore",
        "userDefined": true
      },
      {
        "text": " me the ",
        "userDefined": false
      },
      {
        "text": "nonstop",
        "alias": "nonstop",
        "meta": "@nonstop",
        "userDefined": true
      },
      {
        "text": " flight to ",
        "userDefined": false
      },
      {
        "text": "Amsterdam",
        "alias": "to",
        "meta": "@sys.location",
        "userDefined": true
      },
      {
        "text": " for ",
        "userDefined": false
      },
      {
        "text": "tomorrow",
        "alias": "departure",
        "meta": "@sys.date-time",
        "userDefined": true
      }
    ],
    "isTemplate": false,
    "count": 0,
    "updated": 0
  },
  {
    "id": "58ab3ad2-ebb5-4fff-b643-13e816850d1a",
    "data": [
      {
        "text": "book flight from ",
        "userDefined": false
      },
      {
        "text": "tomorrow",
        "alias": "departure",
        "meta": "@sys.date-time",
        "userDefined": true
      }
    ],
    "isTemplate": false,
    "count": 0,
    "updated": 0
  },
  {
    "id": "7ad2bb76-3c6e-409b-a8e7-f4dfa05c098f",
    "data": [
      {
        "text": "book",
        "meta": "@sys.ignore",
        "userDefined": true
      },
      {
        "text": " flight from ",
        "userDefined": false
      },
      {
        "text": "Moscow",
        "alias": "from",
        "meta": "@sys.location",
        "userDefined": true
      },
      {
        "text": " ",
        "userDefined": false
      },
      {
        "text": "to",
        "meta": "@sys.ignore",
        "userDefined": true
      },
      {
        "text": " ",
        "userDefined": false
      },
      {
        "text": "Paris",
        "alias": "to",
        "meta": "@sys.location",
        "userDefined": true
      },
      {
        "text": " for less than ",
        "userDefined": false
      },
      {
        "text": "200 euro",
        "alias": "price",
        "meta": "@sys.unit-currency",
        "userDefined": true
      }
    ],
    "isTemplate": false,
    "count": 0,
    "updated": 0
  },
  {
    "id": "2bf0dbf5-f4a2-4c5d-a5b4-45572aff5f94",
    "data": [
      {
        "text": "book airplane tickets from ",
        "userDefined": false
      },
      {
        "text": "San Francisco",
        "alias": "from",
        "meta": "@sys.location",
        "userDefined": true
      },
      {
        "text": " to ",
        "userDefined": false
      },
      {
        "text": "Houston",
        "alias": "to",
        "meta": "@sys.location",
        "userDefined": true
      },
      {
        "text": " on ",
        "userDefined": false
      },
      {
        "text": "October 18-24",
        "alias": "departure",
        "meta": "@sys.date-time",
        "userDefined": true
      }
    ],
    "isTemplate": false,
    "count": 0,
    "updated": 0
  },
  {
    "id": "28fbf8e2-d876-4b60-a938-d77c29976ec8",
    "data": [
      {
        "text": "book",
        "meta": "@sys.ignore",
        "userDefined": true
      },
      {
        "text": " flight for ",
        "userDefined": false
      },
      {
        "text": "2",
        "alias": "adult",
        "meta": "@sys.number",
        "userDefined": true
      },
      {
        "text": " adults and ",
        "userDefined": false
      },
      {
        "text": "1",
        "alias": "child",
        "meta": "@sys.number",
        "userDefined": true
      },
      {
        "text": " child",
        "userDefined": false
      }
    ],
    "isTemplate": false,
    "count": 0,
    "updated": 0
  },
  {
    "id": "7345df44-08a2-47fb-80fa-2284fe6c9fd7",
    "data": [
      {
        "text": "book",
        "meta": "@sys.ignore",
        "userDefined": true
      },
      {
        "text": " flight from ",
        "userDefined": false
      },
      {
        "text": "San Francisco",
        "alias": "from",
        "meta": "@sys.location",
        "userDefined": true
      },
      {
        "text": " ",
        "userDefined": false
      },
      {
        "text": "to",
        "meta": "@sys.ignore",
        "userDefined": true
      },
      {
        "text": " ",
        "userDefined": false
      },
      {
        "text": "Los Angeles",
        "alias": "to",
        "meta": "@sys.location",
        "userDefined": true
      },
      {
        "text": " on ",
        "userDefined": false
      },
      {
        "text": "April 17-24",
        "alias": "departure",
        "meta": "@sys.date-time",
        "userDefined": true
      }
    ],
    "isTemplate": false,
    "count": 0,
    "updated": 0
  },
  {
    "id": "c62b0909-c5af-40ca-9874-ce55c418cc81",
    "data": [
      {
        "text": "book",
        "meta": "@sys.ignore",
        "userDefined": true
      },
      {
        "text": " a flight for ",
        "userDefined": false
      },
      {
        "text": "tomorrow morning",
        "alias": "departure",
        "meta": "@sys.date-time",
        "userDefined": true
      }
    ],
    "isTemplate": false,
    "count": 0,
    "updated": 0
  },
  {
    "id": "caa70c1a-cdcc-4830-882a-cff3181e5259",
    "data": [
      {
        "text": "I want to book a flight to ",
        "userDefined": false
      },
      {
        "text": "Mumbai",
        "alias": "to",
        "meta": "@sys.location",
        "userDefined": true
      }
    ],
    "isTemplate": false,
    "count": 1,
    "updated": 0
  },
  {
    "id": "90a3a2ce-1d28-42e7-a241-565c870ebcac",
    "data": [
      {
        "text": "book",
        "meta": "@sys.ignore",
        "userDefined": true
      },
      {
        "text": " a flight for ",
        "userDefined": false
      },
      {
        "text": "2",
        "alias": "adult",
        "meta": "@sys.number",
        "userDefined": true
      }
    ],
    "isTemplate": false,
    "count": 0,
    "updated": 0
  },
  {
    "id": "45e6bc6a-7903-46d7-a91c-d136ea8ddd46",
    "data": [
      {
        "text": "book a flight for ",
        "userDefined": false
      },
      {
        "text": "next month",
        "alias": "departure",
        "meta": "@sys.date-time",
        "userDefined": true
      }
    ],
    "isTemplate": false,
    "count": 0,
    "updated": 0
  },
  {
    "id": "853a6c26-0c87-4117-bc59-e6c21fc8126c",
    "data": [
      {
        "text": "book ticket for ",
        "userDefined": false
      },
      {
        "text": "1",
        "alias": "adult",
        "meta": "@sys.number",
        "userDefined": true
      },
      {
        "text": " adult",
        "userDefined": false
      }
    ],
    "isTemplate": false,
    "count": 0,
    "updated": 0
  },
  {
    "id": "ddce109c-a148-4851-a9ff-7cb235a00230",
    "data": [
      {
        "text": "book ",
        "userDefined": false
      },
      {
        "text": "first",
        "alias": "class",
        "meta": "@class",
        "userDefined": true
      },
      {
        "text": " class ticket to ",
        "userDefined": false
      },
      {
        "text": "Barcelona",
        "alias": "to",
        "meta": "@sys.location",
        "userDefined": true
      },
      {
        "text": " from ",
        "userDefined": false
      },
      {
        "text": "1 Jan",
        "alias": "departure",
        "meta": "@sys.date-time",
        "userDefined": true
      },
      {
        "text": " to ",
        "userDefined": false
      },
      {
        "text": "10 Jan",
        "alias": "return",
        "meta": "@sys.date-time",
        "userDefined": true
      }
    ],
    "isTemplate": false,
    "count": 0,
    "updated": 0
  },
  {
    "id": "37699b20-649f-4941-8cbb-47bca43d91b3",
    "data": [
      {
        "text": "can you ",
        "userDefined": false
      },
      {
        "text": "book",
        "meta": "@sys.ignore",
        "userDefined": true
      },
      {
        "text": " a ticket for ",
        "userDefined": false
      },
      {
        "text": "2",
        "alias": "adult",
        "meta": "@sys.number",
        "userDefined": true
      }
    ],
    "isTemplate": false,
    "count": 0,
    "updated": 0
  },
  {
    "id": "3f9ed98b-3ee9-45a4-a406-2e7151249434",
    "data": [
      {
        "text": "can you ",
        "userDefined": false
      },
      {
        "text": "get",
        "meta": "@sys.ignore",
        "userDefined": true
      },
      {
        "text": " me an airplane ticket to ",
        "userDefined": false
      },
      {
        "text": "London",
        "alias": "to",
        "meta": "@sys.location",
        "userDefined": true
      }
    ],
    "isTemplate": false,
    "count": 0,
    "updated": 0
  },
  {
    "id": "d2f83805-918b-4e15-9850-0a5557efc4d0",
    "data": [
      {
        "text": "book a flight to ",
        "userDefined": false
      },
      {
        "text": "Delhi",
        "alias": "to",
        "meta": "@sys.location",
        "userDefined": true
      }
    ],
    "isTemplate": false,
    "count": 0,
    "updated": 0
  },
  {
    "id": "82dd3e11-311b-4781-9efa-df090ad56293",
    "data": [
      {
        "text": "buy flight ",
        "userDefined": false
      },
      {
        "text": "tickets",
        "meta": "@sys.ignore",
        "userDefined": false
      },
      {
        "text": " ",
        "userDefined": false
      },
      {
        "text": "to",
        "meta": "@sys.ignore",
        "userDefined": false
      },
      {
        "text": " ",
        "userDefined": false
      },
      {
        "text": "Atlanta",
        "alias": "to",
        "meta": "@sys.location",
        "userDefined": false
      }
    ],
    "isTemplate": false,
    "count": 0,
    "updated": 0
  },
  {
    "id": "ebd0ebbb-b7d3-46d7-b903-cb0f3852c14f",
    "data": [
      {
        "text": "I need to buy a flight to ",
        "userDefined": false
      },
      {
        "text": "Seattle",
        "alias": "to",
        "meta": "@sys.location",
        "userDefined": true
      },
      {
        "text": " on ",
        "userDefined": false
      },
      {
        "text": "July 1st",
        "alias": "departure",
        "meta": "@sys.date-time",
        "userDefined": true
      },
      {
        "text": " from ",
        "userDefined": false
      },
      {
        "text": "LAX",
        "alias": "from",
        "meta": "@sys.location",
        "userDefined": true
      },
      {
        "text": " come back ",
        "userDefined": false
      },
      {
        "text": "7th July",
        "alias": "return",
        "meta": "@sys.date-time",
        "userDefined": true
      }
    ],
    "isTemplate": false,
    "count": 0,
    "updated": 0
  },
  {
    "id": "6ba01c37-399a-4c57-ad18-0cb8db40ce1e",
    "data": [
      {
        "text": "book",
        "meta": "@sys.ignore",
        "userDefined": true
      },
      {
        "text": " flight from ",
        "userDefined": false
      },
      {
        "text": "Rome",
        "alias": "from",
        "meta": "@sys.location",
        "userDefined": true
      },
      {
        "text": " to ",
        "userDefined": false
      },
      {
        "text": "London",
        "alias": "to",
        "meta": "@sys.location",
        "userDefined": true
      },
      {
        "text": " for ",
        "userDefined": false
      },
      {
        "text": "2",
        "alias": "adult",
        "meta": "@sys.number",
        "userDefined": true
      }
    ],
    "isTemplate": false,
    "count": 0,
    "updated": 0
  },
  {
    "id": "00a5b47f-b47f-44ec-b3e8-d13268bbc157",
    "data": [
      {
        "text": "book flight till ",
        "userDefined": false
      },
      {
        "text": "Sunday",
        "alias": "return",
        "meta": "@sys.date-time",
        "userDefined": true
      }
    ],
    "isTemplate": false,
    "count": 0,
    "updated": 0
  },
  {
    "id": "c1507f1e-2cc8-42c9-90df-84349339fa42",
    "data": [
      {
        "text": "get me a ticket ",
        "userDefined": false
      },
      {
        "text": "from home",
        "meta": "@sys.ignore",
        "userDefined": true
      },
      {
        "text": " to ",
        "userDefined": false
      },
      {
        "text": "Dublin",
        "alias": "to",
        "meta": "@sys.location",
        "userDefined": true
      }
    ],
    "isTemplate": false,
    "count": 0,
    "updated": 0
  },
  {
    "id": "b4b227cb-b861-4e6c-830b-78a6823ce546",
    "data": [
      {
        "text": "book flight from ",
        "userDefined": false
      },
      {
        "text": "Barcelona",
        "alias": "from",
        "meta": "@sys.location",
        "userDefined": true
      },
      {
        "text": " to ",
        "userDefined": false
      },
      {
        "text": "Madrid",
        "alias": "to",
        "meta": "@sys.location",
        "userDefined": true
      },
      {
        "text": " for ",
        "userDefined": false
      },
      {
        "text": "tomorrow",
        "alias": "departure",
        "meta": "@sys.date-time",
        "userDefined": true
      }
    ],
    "isTemplate": false,
    "count": 0,
    "updated": 0
  },
  {
    "id": "b1c398fc-18c4-4161-acb2-2f0260b8e976",
    "data": [
      {
        "text": "I want to book a flight from ",
        "userDefined": false
      },
      {
        "text": "Bogota",
        "alias": "from",
        "meta": "@sys.location",
        "userDefined": false
      },
      {
        "text": " to ",
        "userDefined": false
      },
      {
        "text": "Denver",
        "alias": "to",
        "meta": "@sys.location",
        "userDefined": false
      },
      {
        "text": " departing on ",
        "userDefined": false
      },
      {
        "text": "December 3",
        "alias": "departure",
        "meta": "@sys.date-time",
        "userDefined": false
      },
      {
        "text": " and arriving on ",
        "userDefined": false
      },
      {
        "text": "December 20",
        "alias": "return",
        "meta": "@sys.date-time",
        "userDefined": false
      }
    ],
    "isTemplate": false,
    "count": 1,
    "updated": 0
  },
  {
    "id": "8464fa97-26b2-4dd8-a1cd-73a9a14c89bf",
    "data": [
      {
        "text": "get me a flight to ",
        "userDefined": false
      },
      {
        "text": "Joburg",
        "alias": "to",
        "meta": "@sys.location",
        "userDefined": true
      },
      {
        "text": " ",
        "userDefined": false
      },
      {
        "text": "tomorrow",
        "alias": "departure",
        "meta": "@sys.date-time",
        "userDefined": true
      }
    ],
    "isTemplate": false,
    "count": 0,
    "updated": 0
  },
  {
    "id": "e794a7e4-304a-47ea-9368-15577efca296",
    "data": [
      {
        "text": "book ",
        "userDefined": false
      },
      {
        "text": "round trip",
        "alias": "ticket-type",
        "meta": "@ticket-type",
        "userDefined": true
      },
      {
        "text": " flight",
        "userDefined": false
      }
    ],
    "isTemplate": false,
    "count": 0,
    "updated": 0
  },
  {
    "id": "6784dd9d-de90-45da-8161-da7c510d853b",
    "data": [
      {
        "text": "book a flight",
        "userDefined": false
      }
    ],
    "isTemplate": false,
    "count": 1,
    "updated": 0
  },
  {
    "id": "1657939a-dfbd-4e53-815b-277e20599c76",
    "data": [
      {
        "text": "book ticket for ",
        "userDefined": false
      },
      {
        "text": "1",
        "alias": "child",
        "meta": "@sys.number",
        "userDefined": true
      },
      {
        "text": " child",
        "userDefined": false
      }
    ],
    "isTemplate": false,
    "count": 0,
    "updated": 0
  },
  {
    "id": "7efbbbb8-077a-4c99-a192-2587195b0c2b",
    "data": [
      {
        "text": "book ",
        "userDefined": false
      },
      {
        "text": "Jal",
        "alias": "airline",
        "meta": "@airline",
        "userDefined": true
      },
      {
        "text": " flight",
        "userDefined": false
      }
    ],
    "isTemplate": false,
    "count": 0,
    "updated": 0
  },
  {
    "id": "aed9c8ba-b482-4e13-b962-767405bd8f90",
    "data": [
      {
        "text": "can you get me an airplane ticket",
        "userDefined": false
      }
    ],
    "isTemplate": false,
    "count": 1,
    "updated": 0
  },
  {
    "id": "1ee22af2-308f-4254-8f82-e4b86bef477c",
    "data": [
      {
        "text": "book flight from ",
        "userDefined": false
      },
      {
        "text": "Vancouver",
        "alias": "from",
        "meta": "@sys.location",
        "userDefined": true
      },
      {
        "text": " ",
        "userDefined": false
      },
      {
        "text": "to",
        "meta": "@sys.ignore",
        "userDefined": true
      },
      {
        "text": " ",
        "userDefined": false
      },
      {
        "text": "Paris",
        "alias": "to",
        "meta": "@sys.location",
        "userDefined": true
      },
      {
        "text": " for less than ",
        "userDefined": false
      },
      {
        "text": "200 euro",
        "alias": "price",
        "meta": "@sys.unit-currency",
        "userDefined": true
      },
      {
        "text": " no more than ",
        "userDefined": false
      },
      {
        "text": "1",
        "alias": "stops",
        "meta": "@sys.number",
        "userDefined": true
      },
      {
        "text": " ",
        "userDefined": false
      },
      {
        "text": "stop",
        "meta": "@sys.ignore",
        "userDefined": true
      }
    ],
    "isTemplate": false,
    "count": 3,
    "updated": 0
  },
  {
    "id": "8ced98f8-f698-480b-9ebe-15799e735653",
    "data": [
      {
        "text": "book ",
        "userDefined": false
      },
      {
        "text": "first",
        "alias": "class",
        "meta": "@class",
        "userDefined": true
      },
      {
        "text": " class ticket from ",
        "userDefined": false
      },
      {
        "text": "Madrid",
        "alias": "from",
        "meta": "@sys.location",
        "userDefined": true
      },
      {
        "text": " to ",
        "userDefined": false
      },
      {
        "text": "Barcelona",
        "alias": "to",
        "meta": "@sys.location",
        "userDefined": true
      },
      {
        "text": " from ",
        "userDefined": false
      },
      {
        "text": "1 Jan",
        "alias": "departure",
        "meta": "@sys.date-time",
        "userDefined": true
      },
      {
        "text": " to ",
        "userDefined": false
      },
      {
        "text": "10 Jan",
        "alias": "return",
        "meta": "@sys.date-time",
        "userDefined": true
      }
    ],
    "isTemplate": false,
    "count": 0,
    "updated": 0
  },
  {
    "id": "9646018a-9be6-41cd-925d-3ac7fefec8c8",
    "data": [
      {
        "text": "get",
        "meta": "@sys.ignore",
        "userDefined": true
      },
      {
        "text": " ",
        "userDefined": false
      },
      {
        "text": "me the",
        "meta": "@sys.ignore",
        "userDefined": true
      },
      {
        "text": " ",
        "userDefined": false
      },
      {
        "text": "nonstop",
        "alias": "nonstop",
        "meta": "@nonstop",
        "userDefined": true
      },
      {
        "text": " flight to ",
        "userDefined": false
      },
      {
        "text": "Amsterdam",
        "alias": "to",
        "meta": "@sys.location",
        "userDefined": true
      }
    ],
    "isTemplate": false,
    "count": 0,
    "updated": 0
  },
  {
    "id": "862303bb-a9fe-4466-8e61-c5f1758d0ae6",
    "data": [
      {
        "text": "hi I would like to book a flight from ",
        "userDefined": false
      },
      {
        "text": "SF",
        "alias": "from",
        "meta": "@sys.location",
        "userDefined": false
      },
      {
        "text": " to ",
        "userDefined": false
      },
      {
        "text": "Paris",
        "alias": "to",
        "meta": "@sys.location",
        "userDefined": false
      },
      {
        "text": " leaving on ",
        "userDefined": false
      },
      {
        "text": "Monday",
        "alias": "departure",
        "meta": "@sys.date-time",
        "userDefined": false
      },
      {
        "text": " and back on ",
        "userDefined": false
      },
      {
        "text": "Friday",
        "alias": "return",
        "meta": "@sys.date-time",
        "userDefined": false
      }
    ],
    "isTemplate": false,
    "count": 1,
    "updated": 0
  },
  {
    "id": "136d9ff1-66dc-4e3a-911e-227425e267ce",
    "data": [
      {
        "text": "book flight from ",
        "userDefined": false
      },
      {
        "text": "Barcelona",
        "alias": "from",
        "meta": "@sys.location",
        "userDefined": true
      },
      {
        "text": " to ",
        "userDefined": false
      },
      {
        "text": "Madrid",
        "alias": "to",
        "meta": "@sys.location",
        "userDefined": true
      },
      {
        "text": " from ",
        "userDefined": false
      },
      {
        "text": "1 Jan",
        "alias": "departure",
        "meta": "@sys.date-time",
        "userDefined": true
      },
      {
        "text": " to ",
        "userDefined": false
      },
      {
        "text": "10 Jan",
        "alias": "return",
        "meta": "@sys.date-time",
        "userDefined": true
      }
    ],
    "isTemplate": false,
    "count": 0,
    "updated": 0
  },
  {
    "id": "e3d250e2-a60f-4a1e-b6b8-e224af0e79df",
    "data": [
      {
        "text": "book",
        "meta": "@sys.ignore",
        "userDefined": true
      },
      {
        "text": " ",
        "userDefined": false
      },
      {
        "text": "cheap",
        "alias": "sort",
        "meta": "@map-sort",
        "userDefined": true
      },
      {
        "text": " flight",
        "userDefined": false
      }
    ],
    "isTemplate": false,
    "count": 0,
    "updated": 0
  },
  {
    "id": "2f2faac9-a346-4977-bb14-64e808c7d74f",
    "data": [
      {
        "text": "book flight ",
        "userDefined": false
      },
      {
        "text": "tommorrow",
        "alias": "departure",
        "meta": "@sys.date-time",
        "userDefined": true
      }
    ],
    "isTemplate": false,
    "count": 0,
    "updated": 0
  },
  {
    "id": "89f19876-cc62-4bce-b349-44bb654903fa",
    "data": [
      {
        "text": "book a flight from ",
        "userDefined": false
      },
      {
        "text": "London",
        "alias": "from",
        "meta": "@sys.location",
        "userDefined": false
      },
      {
        "text": " to ",
        "userDefined": false
      },
      {
        "text": "Lisbon",
        "alias": "to",
        "meta": "@sys.location",
        "userDefined": false
      },
      {
        "text": " leaving on ",
        "userDefined": false
      },
      {
        "text": "21st September",
        "alias": "departure",
        "meta": "@sys.date-time",
        "userDefined": false
      },
      {
        "text": " and returning on ",
        "userDefined": false
      },
      {
        "text": "23rd",
        "alias": "return",
        "meta": "@sys.date-time",
        "userDefined": true
      }
    ],
    "isTemplate": false,
    "count": 1,
    "updated": 0
  },
  {
    "id": "38205bfb-ecc0-4879-a33b-45a40f9f0222",
    "data": [
      {
        "text": "book a flight from ",
        "userDefined": false
      },
      {
        "text": "SFO",
        "alias": "from",
        "meta": "@sys.location",
        "userDefined": false
      },
      {
        "text": " to ",
        "userDefined": false
      },
      {
        "text": "LAX",
        "alias": "to",
        "meta": "@sys.location",
        "userDefined": false
      }
    ],
    "isTemplate": false,
    "count": 1,
    "updated": 0
  },
  {
    "id": "4ae5e354-0394-4c8f-a38d-ce2ffae5faa6",
    "data": [
      {
        "text": "book a flight from ",
        "userDefined": false
      },
      {
        "text": "London",
        "alias": "from",
        "meta": "@sys.location",
        "userDefined": true
      },
      {
        "text": " to ",
        "userDefined": false
      },
      {
        "text": "New York",
        "alias": "to",
        "meta": "@sys.location",
        "userDefined": true
      }
    ],
    "isTemplate": false,
    "count": 0,
    "updated": 0
  },
  {
    "id": "161225db-be19-43f4-851b-ccc716a5199e",
    "data": [
      {
        "text": "book ",
        "userDefined": false
      },
      {
        "text": "first",
        "alias": "class",
        "meta": "@class",
        "userDefined": true
      },
      {
        "text": " class ticket from ",
        "userDefined": false
      },
      {
        "text": "Madrid",
        "alias": "from",
        "meta": "@sys.location",
        "userDefined": true
      },
      {
        "text": " to ",
        "userDefined": false
      },
      {
        "text": "Barcelona",
        "alias": "to",
        "meta": "@sys.location",
        "userDefined": true
      }
    ],
    "isTemplate": false,
    "count": 0,
    "updated": 0
  },
  {
    "id": "65a8b6c3-77b7-4330-897d-257d3af66ad5",
    "data": [
      {
        "text": "how ",
        "userDefined": false
      },
      {
        "text": "to",
        "meta": "@sys.ignore",
        "userDefined": false
      },
      {
        "text": " rebook my flight",
        "userDefined": false
      }
    ],
    "isTemplate": false,
    "count": 1,
    "updated": 0
  },
  {
    "id": "01ea825e-df67-4fc2-ac47-fc6a1a202cd1",
    "data": [
      {
        "text": "book ",
        "userDefined": false
      },
      {
        "text": "business",
        "alias": "class",
        "meta": "@class",
        "userDefined": true
      },
      {
        "text": " class flight",
        "userDefined": false
      }
    ],
    "isTemplate": false,
    "count": 0,
    "updated": 0
  },
  {
    "id": "82961947-618f-4294-95f0-9a9fdaf18746",
    "data": [
      {
        "text": "book flight for ",
        "userDefined": false
      },
      {
        "text": "tomorrow",
        "alias": "departure",
        "meta": "@sys.date-time",
        "userDefined": true
      },
      {
        "text": " from ",
        "userDefined": false
      },
      {
        "text": "Madrid",
        "alias": "from",
        "meta": "@sys.location",
        "userDefined": true
      },
      {
        "text": " to ",
        "userDefined": false
      },
      {
        "text": "Barcelona",
        "alias": "to",
        "meta": "@sys.location",
        "userDefined": true
      }
    ],
    "isTemplate": false,
    "count": 0,
    "updated": 0
  },
  {
    "id": "40c145b6-b984-40d2-b297-2f52908f212c",
    "data": [
      {
        "text": "book flight for ",
        "userDefined": false
      },
      {
        "text": "tomorrow",
        "alias": "departure",
        "meta": "@sys.date-time",
        "userDefined": true
      },
      {
        "text": " to ",
        "userDefined": false
      },
      {
        "text": "Barcelona",
        "alias": "to",
        "meta": "@sys.location",
        "userDefined": true
      }
    ],
    "isTemplate": false,
    "count": 1,
    "updated": 0
  },
  {
    "id": "d330dac7-1cfc-432f-9e61-6a59c6ce33c5",
    "data": [
      {
        "text": "book",
        "meta": "@sys.ignore",
        "userDefined": true
      },
      {
        "text": " ",
        "userDefined": false
      },
      {
        "text": "refundable",
        "alias": "refundable",
        "meta": "@refundable",
        "userDefined": true
      },
      {
        "text": " flights only",
        "userDefined": false
      }
    ],
    "isTemplate": false,
    "count": 0,
    "updated": 0
  },
  {
    "id": "75976e3a-e02f-4fdf-bc17-ff30dc4ad917",
    "data": [
      {
        "text": "book",
        "meta": "@sys.ignore",
        "userDefined": true
      },
      {
        "text": " ",
        "userDefined": false
      },
      {
        "text": "economy",
        "alias": "class",
        "meta": "@class",
        "userDefined": true
      },
      {
        "text": " class ticket to ",
        "userDefined": false
      },
      {
        "text": "Barcelona",
        "alias": "to",
        "meta": "@sys.location",
        "userDefined": true
      }
    ],
    "isTemplate": false,
    "count": 0,
    "updated": 0
  },
  {
    "id": "37ff012e-4d87-453c-b81f-0fc8af01969e",
    "data": [
      {
        "text": "I want to book a flight from ",
        "userDefined": false
      },
      {
        "text": "London",
        "alias": "from",
        "meta": "@sys.location",
        "userDefined": true
      },
      {
        "text": " to ",
        "userDefined": false
      },
      {
        "text": "New York",
        "alias": "to",
        "meta": "@sys.location",
        "userDefined": true
      },
      {
        "text": " on the ",
        "userDefined": false
      },
      {
        "text": "twenty third of April",
        "alias": "departure",
        "meta": "@sys.date-time",
        "userDefined": true
      },
      {
        "text": " coming back on the ",
        "userDefined": false
      },
      {
        "text": "twenty third of March",
        "alias": "return",
        "meta": "@sys.date-time",
        "userDefined": true
      }
    ],
    "isTemplate": false,
    "count": 0,
    "updated": 0
  },
  {
    "id": "1ee31ba9-45fe-4276-a0d1-cc243ec9e6cc",
    "data": [
      {
        "text": "I want book a flight to ",
        "userDefined": false
      },
      {
        "text": "Dubai",
        "alias": "to",
        "meta": "@sys.location",
        "userDefined": true
      }
    ],
    "isTemplate": false,
    "count": 0,
    "updated": 0
  },
  {
    "id": "44e1a6a9-1d32-447e-8f91-16e97d44c6c8",
    "data": [
      {
        "text": "book flight from ",
        "userDefined": false
      },
      {
        "text": "tomorrow",
        "alias": "departure",
        "meta": "@sys.date-time",
        "userDefined": true
      },
      {
        "text": " till ",
        "userDefined": false
      },
      {
        "text": "Sunday",
        "alias": "return",
        "meta": "@sys.date-time",
        "userDefined": true
      }
    ],
    "isTemplate": false,
    "count": 0,
    "updated": 0
  },
  {
    "id": "f9768f47-7020-41ae-99b1-3b6459ae2b02",
    "data": [
      {
        "text": "book ",
        "userDefined": false
      },
      {
        "text": "first",
        "alias": "class",
        "meta": "@class",
        "userDefined": true
      },
      {
        "text": " class ticket to ",
        "userDefined": false
      },
      {
        "text": "Barcelona",
        "alias": "to",
        "meta": "@sys.location",
        "userDefined": true
      },
      {
        "text": " for ",
        "userDefined": false
      },
      {
        "text": "tomorrow",
        "alias": "departure",
        "meta": "@sys.date-time",
        "userDefined": true
      }
    ],
    "isTemplate": false,
    "count": 1,
    "updated": 0
  },
  {
    "id": "359f17b2-50db-44db-a49f-9a3074e4f7b8",
    "data": [
      {
        "text": "how to book a flight for groups",
        "userDefined": false
      }
    ],
    "isTemplate": false,
    "count": 1,
    "updated": 0
  },
  {
    "id": "50b24a38-219c-45bb-a9c7-964de76b5828",
    "data": [
      {
        "text": "book ",
        "userDefined": false
      },
      {
        "text": "non stop",
        "alias": "nonstop",
        "meta": "@nonstop",
        "userDefined": true
      },
      {
        "text": " flights only",
        "userDefined": false
      }
    ],
    "isTemplate": false,
    "count": 0,
    "updated": 0
  },
  {
    "id": "5be63cc4-61a4-42b1-a11f-35bf778c8c6c",
    "data": [
      {
        "text": "I need ",
        "userDefined": false
      },
      {
        "text": "your",
        "meta": "@sys.ignore",
        "userDefined": true
      },
      {
        "text": " help with flight booking",
        "userDefined": false
      }
    ],
    "isTemplate": false,
    "count": 0,
    "updated": 0
  },
  {
    "id": "9b607d04-4e98-42f0-8609-cffe811903c5",
    "data": [
      {
        "text": "book flights for ",
        "userDefined": false
      },
      {
        "text": "2",
        "alias": "adult",
        "meta": "@sys.number",
        "userDefined": true
      },
      {
        "text": " adults from ",
        "userDefined": false
      },
      {
        "text": "February 7",
        "alias": "departure",
        "meta": "@sys.date-time",
        "userDefined": true
      },
      {
        "text": " till ",
        "userDefined": false
      },
      {
        "text": "February 10",
        "alias": "return",
        "meta": "@sys.date-time",
        "userDefined": true
      },
      {
        "text": " from ",
        "userDefined": false
      },
      {
        "text": "New York",
        "alias": "from",
        "meta": "@sys.location",
        "userDefined": true
      },
      {
        "text": " to ",
        "userDefined": false
      },
      {
        "text": "Ottawa",
        "alias": "to",
        "meta": "@sys.location",
        "userDefined": true
      }
    ],
    "isTemplate": false,
    "count": 1,
    "updated": 0
  },
  {
    "id": "abf1f11c-3e5d-47a4-a1d7-fb20a434ad4b",
    "data": [
      {
        "text": "reserve",
        "meta": "@sys.ignore",
        "userDefined": false
      },
      {
        "text": " the flight to ",
        "userDefined": false
      },
      {
        "text": "Seoul",
        "alias": "to",
        "meta": "@sys.location",
        "userDefined": false
      }
    ],
    "isTemplate": false,
    "count": 1,
    "updated": 0
  },
  {
    "id": "dc7749c3-9b0d-4139-bbff-0aae13672ec4",
    "data": [
      {
        "text": "book me a flight from ",
        "userDefined": false
      },
      {
        "text": "JFK",
        "alias": "from",
        "meta": "@sys.location",
        "userDefined": true
      },
      {
        "text": " to ",
        "userDefined": false
      },
      {
        "text": "LAX",
        "alias": "to",
        "meta": "@sys.location",
        "userDefined": true
      },
      {
        "text": " ",
        "userDefined": false
      },
      {
        "text": "tomorrow morning",
        "alias": "departure",
        "meta": "@sys.date-time",
        "userDefined": true
      },
      {
        "text": " in ",
        "userDefined": false
      },
      {
        "text": "economy",
        "alias": "class",
        "meta": "@class",
        "userDefined": true
      }
    ],
    "isTemplate": false,
    "count": 2,
    "updated": 0
  },
  {
    "id": "f66ff36e-309c-4651-be51-b37e8018c3c4",
    "data": [
      {
        "text": "how to book flights",
        "userDefined": false
      }
    ],
    "isTemplate": false,
    "count": 0,
    "updated": 0
  },
  {
    "id": "c02a6aed-3b38-4c3a-9884-354a191f4960",
    "data": [
      {
        "text": "I want to buy an airplane ticket to ",
        "userDefined": false
      },
      {
        "text": "Moscow",
        "alias": "to",
        "meta": "@sys.location",
        "userDefined": true
      }
    ],
    "isTemplate": false,
    "count": 0,
    "updated": 0
  },
  {
    "id": "f580fe9e-4d8f-4e58-b4e5-438229e54eac",
    "data": [
      {
        "text": "how can I ",
        "userDefined": false
      },
      {
        "text": "get",
        "meta": "@sys.ignore",
        "userDefined": true
      },
      {
        "text": " an airplane ticket",
        "userDefined": false
      }
    ],
    "isTemplate": false,
    "count": 0,
    "updated": 0
  },
  {
    "id": "f819532f-8bac-4fb0-aac6-a9e64f789eed",
    "data": [
      {
        "text": "book ",
        "userDefined": false
      },
      {
        "text": "first",
        "alias": "class",
        "meta": "@class",
        "userDefined": true
      },
      {
        "text": " class ticket from ",
        "userDefined": false
      },
      {
        "text": "Madrid",
        "alias": "from",
        "meta": "@sys.location",
        "userDefined": true
      },
      {
        "text": " to ",
        "userDefined": false
      },
      {
        "text": "Barcelona",
        "alias": "to",
        "meta": "@sys.location",
        "userDefined": true
      },
      {
        "text": " for ",
        "userDefined": false
      },
      {
        "text": "tomorrow",
        "alias": "departure",
        "meta": "@sys.date-time",
        "userDefined": true
      }
    ],
    "isTemplate": false,
    "count": 0,
    "updated": 0
  },
  {
    "id": "38c7a92b-afe9-40d0-912b-22ce607bb3fb",
    "data": [
      {
        "text": "buy me a flight from ",
        "userDefined": false
      },
      {
        "text": "NYC",
        "alias": "from",
        "meta": "@sys.location",
        "userDefined": true
      },
      {
        "text": " to ",
        "userDefined": false
      },
      {
        "text": "Bangkok",
        "alias": "to",
        "meta": "@sys.location",
        "userDefined": true
      },
      {
        "text": " with ",
        "userDefined": false
      },
      {
        "text": "no layover",
        "alias": "nonstop",
        "meta": "@nonstop",
        "userDefined": true
      }
    ],
    "isTemplate": false,
    "count": 0,
    "updated": 0
  },
  {
    "id": "ef8e7c93-409b-4866-a5ed-862a5a44c35a",
    "data": [
      {
        "text": "I have a meeting in ",
        "userDefined": false
      },
      {
        "text": "SF",
        "alias": "to",
        "meta": "@sys.location",
        "userDefined": false
      },
      {
        "text": " ",
        "userDefined": false
      },
      {
        "text": "tomorrow",
        "alias": "departure",
        "meta": "@sys.date-time",
        "userDefined": true
      },
      {
        "text": " book me a flight",
        "userDefined": false
      }
    ],
    "isTemplate": false,
    "count": 1,
    "updated": 0
  },
  {
    "id": "fbd0bf28-e08e-4cf3-ba07-c67988072ce6",
    "data": [
      {
        "text": "book flights for ",
        "userDefined": false
      },
      {
        "text": "4",
        "alias": "adult",
        "meta": "@sys.number",
        "userDefined": true
      },
      {
        "text": " adults from ",
        "userDefined": false
      },
      {
        "text": "May 8",
        "alias": "departure",
        "meta": "@sys.date-time",
        "userDefined": true
      },
      {
        "text": " till ",
        "userDefined": false
      },
      {
        "text": "May 17",
        "alias": "return",
        "meta": "@sys.date-time",
        "userDefined": true
      },
      {
        "text": " from ",
        "userDefined": false
      },
      {
        "text": "London",
        "alias": "from",
        "meta": "@sys.location",
        "userDefined": true
      },
      {
        "text": " to ",
        "userDefined": false
      },
      {
        "text": "Paris",
        "alias": "to",
        "meta": "@sys.location",
        "userDefined": true
      }
    ],
    "isTemplate": false,
    "count": 1,
    "updated": 0
  },
  {
    "id": "e21e6c18-3d9e-4ab8-9106-9992fabe58dc",
    "data": [
      {
        "text": "get me a direct flight from ",
        "userDefined": false
      },
      {
        "text": "Boston",
        "alias": "from",
        "meta": "@sys.location",
        "userDefined": false
      },
      {
        "text": " to ",
        "userDefined": false
      },
      {
        "text": "New York",
        "alias": "to",
        "meta": "@sys.location",
        "userDefined": false
      }
    ],
    "isTemplate": false,
    "count": 1,
    "updated": 0
  }
]