[
  {
    "id": "7553e4c5-14b6-414b-b9d8-76c4703b1f1e",
    "data": [
      {
        "text": "feed the dog",
        "alias": "device",
        "meta": "@device",
        "userDefined": false
      }
    ],
    "isTemplate": false,
    "count": 0
  },
  {
    "id": "9dd4bb27-67b8-4c26-b847-7467b8395e53",
    "data": [
      {
        "text": "give the ",
        "userDefined": false
      },
      {
        "text": "dog some food",
        "alias": "device",
        "meta": "@device",
        "userDefined": false
      }
    ],
    "isTemplate": false,
    "count": 0
  },
  {
    "id": "7ed7c67f-0d59-4310-ba1f-9b5f648677ba",
    "data": [
      {
        "text": "turn up the ",
        "userDefined": false
      },
      {
        "text": "dog feeder",
        "alias": "device",
        "meta": "@device",
        "userDefined": false
      }
    ],
    "isTemplate": false,
    "count": 0
  },
  {
    "id": "0b863247-8864-462d-8baf-815d05eca590",
    "data": [
      {
        "text": "launch the ",
        "userDefined": false
      },
      {
        "text": "dog feeder",
        "alias": "device",
        "meta": "@device",
        "userDefined": false
      }
    ],
    "isTemplate": false,
    "count": 0
  },
  {
    "id": "db05f4a6-82af-40de-8c57-e9a6c7e83ea7",
    "data": [
      {
        "text": "give some ",
        "userDefined": false
      },
      {
        "text": "dog food",
        "alias": "device",
        "meta": "@device",
        "userDefined": false
      }
    ],
    "isTemplate": false,
    "count": 0
  },
  {
    "id": "8ffb21bc-abec-4287-a16a-419aa30296aa",
    "data": [
      {
        "text": "give the ",
        "userDefined": false
      },
      {
        "text": "dog something to eat",
        "alias": "device",
        "meta": "@device",
        "userDefined": false
      }
    ],
    "isTemplate": false,
    "count": 0
  },
  {
    "id": "76b9ed58-f63b-4f4d-9ebf-c4567b9bcd5e",
    "data": [
      {
        "text": " prepare some ",
        "userDefined": false
      },
      {
        "text": "food for dog",
        "alias": "device",
        "meta": "@device",
        "userDefined": false
      }
    ],
    "isTemplate": false,
    "count": 0
  },
  {
    "id": "1304589e-898c-4d1a-ad61-ada9d4cd31b2",
    "data": [
      {
        "text": "feed dog",
        "alias": "device",
        "meta": "@device",
        "userDefined": false
      }
    ],
    "isTemplate": false,
    "count": 0
  },
  {
    "id": "7714413b-9e71-4333-b0c9-b32456690068",
    "data": [
      {
        "text": "get the ",
        "userDefined": false
      },
      {
        "text": "dog-feeder",
        "alias": "device",
        "meta": "@device",
        "userDefined": false
      }
    ],
    "isTemplate": false,
    "count": 0
  }
]