[
  {
    "id": "d0238d1f-7bf4-4e70-a11f-47375cb673c9",
    "data": [
      {
        "text": "power on",
        "userDefined": false
      }
    ],
    "isTemplate": false,
    "count": 0
  },
  {
    "id": "c2eeb8aa-9acf-4832-a2d0-a3fa14090aed",
    "data": [
      {
        "text": "turn it off",
        "userDefined": false
      }
    ],
    "isTemplate": false,
    "count": 0
  },
  {
    "id": "a4f8f466-0801-4701-a9f2-97e44ac6a68e",
    "data": [
      {
        "text": "turn on",
        "userDefined": false
      }
    ],
    "isTemplate": false,
    "count": 0
  },
  {
    "id": "cc6527b6-f3bd-4856-8175-f58a5a1f8b39",
    "data": [
      {
        "text": "lights",
        "alias": "device",
        "meta": "@device",
        "userDefined": false
      },
      {
        "text": " on",
        "userDefined": false
      }
    ],
    "isTemplate": false,
    "count": 0
  },
  {
    "id": "2840f16c-4f4f-4993-a8f8-6d4e53bcfec9",
    "data": [
      {
        "text": "let there be ",
        "userDefined": false
      },
      {
        "text": "light",
        "alias": "device",
        "meta": "@device",
        "userDefined": false
      }
    ],
    "isTemplate": false,
    "count": 0
  },
  {
    "id": "d6a15e4e-bf89-4e8f-8c25-549fb82272c6",
    "data": [
      {
        "text": "light",
        "alias": "device",
        "meta": "@device",
        "userDefined": false
      },
      {
        "text": " the place up",
        "userDefined": false
      }
    ],
    "isTemplate": false,
    "count": 0
  },
  {
    "id": "d9487396-3d15-4cf5-9df9-fa37f1b5dff9",
    "data": [
      {
        "text": "light",
        "alias": "device",
        "meta": "@device",
        "userDefined": false
      },
      {
        "text": " it up",
        "userDefined": false
      }
    ],
    "isTemplate": false,
    "count": 0
  },
  {
    "id": "66632b31-fff0-4e50-871f-4552d943a93b",
    "data": [
      {
        "text": "turn on ",
        "userDefined": false
      },
      {
        "text": "the light bulb",
        "alias": "device",
        "meta": "@device",
        "userDefined": false
      }
    ],
    "isTemplate": false,
    "count": 0
  },
  {
    "id": "b391a084-73da-4306-9fbc-9520abca85ba",
    "data": [
      {
        "text": "turn on ",
        "userDefined": false
      },
      {
        "text": "the bulb",
        "alias": "device",
        "meta": "@device",
        "userDefined": false
      }
    ],
    "isTemplate": false,
    "count": 0
  },
  {
    "id": "8db67ca5-2d1d-4390-8c88-bff9f98dfb7f",
    "data": [
      {
        "text": "turn up ",
        "userDefined": false
      },
      {
        "text": "the light",
        "alias": "device",
        "meta": "@device",
        "userDefined": false
      }
    ],
    "isTemplate": false,
    "count": 0
  },
  {
    "id": "5e241ad8-5f63-4cd3-8862-3bb5fe20dcb2",
    "data": [
      {
        "text": "turn on ",
        "userDefined": false
      },
      {
        "text": "the light",
        "alias": "device",
        "meta": "@device",
        "userDefined": false
      },
      {
        "text": " please",
        "userDefined": false
      }
    ],
    "isTemplate": false,
    "count": 0
  },
  {
    "id": "eca1afc4-e6b6-4876-a704-316330504a18",
    "data": [
      {
        "text": "can you please turn on ",
        "userDefined": false
      },
      {
        "text": "the light",
        "alias": "device",
        "meta": "@device",
        "userDefined": true
      }
    ],
    "isTemplate": false,
    "count": 0
  }
]