[
  {
    "id": "9950e517-bd3b-4cce-bae0-53ef37cebed9",
    "data": [
      {
        "text": "power off",
        "userDefined": false
      }
    ],
    "isTemplate": false,
    "count": 0
  },
  {
    "id": "87094be7-54e8-4217-94f6-f390aa193167",
    "data": [
      {
        "text": "shut it",
        "userDefined": false
      }
    ],
    "isTemplate": false,
    "count": 0
  },
  {
    "id": "09408353-9d2c-4158-979c-a86f403776e2",
    "data": [
      {
        "text": "turn it off",
        "userDefined": false
      }
    ],
    "isTemplate": false,
    "count": 0
  },
  {
    "id": "ac045452-0532-4b9a-9664-bc10f53d6883",
    "data": [
      {
        "text": "light",
        "alias": "device",
        "meta": "@device",
        "userDefined": false
      },
      {
        "text": " off",
        "userDefined": false
      }
    ],
    "isTemplate": false,
    "count": 0
  },
  {
    "id": "c036b252-07f9-4465-9a79-f3ea74cd1e67",
    "data": [
      {
        "text": "lights",
        "alias": "device",
        "meta": "@device",
        "userDefined": true
      },
      {
        "text": " off",
        "userDefined": false
      }
    ],
    "isTemplate": false,
    "count": 0
  },
  {
    "id": "71a89452-cacd-4fec-9e6b-08d2f2805bdd",
    "data": [
      {
        "text": "turn down ",
        "userDefined": false
      },
      {
        "text": "the light bulb",
        "alias": "device",
        "meta": "@device",
        "userDefined": false
      }
    ],
    "isTemplate": false,
    "count": 0
  },
  {
    "id": "56881158-6419-437a-8283-415b6803ecf5",
    "data": [
      {
        "text": "turn down ",
        "userDefined": false
      },
      {
        "text": "the light",
        "alias": "device",
        "meta": "@device",
        "userDefined": false
      }
    ],
    "isTemplate": false,
    "count": 0
  },
  {
    "id": "229ab150-1b71-4d28-b8bf-9b3210607b4b",
    "data": [
      {
        "text": "dim the place",
        "userDefined": false
      }
    ],
    "isTemplate": false,
    "count": 0
  },
  {
    "id": "01950b76-f902-4bb7-865b-df37688b0493",
    "data": [
      {
        "text": "turn off ",
        "userDefined": false
      },
      {
        "text": "the bulb",
        "alias": "device",
        "meta": "@device",
        "userDefined": false
      }
    ],
    "isTemplate": false,
    "count": 0
  },
  {
    "id": "ac4e1c46-377a-4aad-9485-853a72dfac45",
    "data": [
      {
        "text": "kill ",
        "userDefined": false
      },
      {
        "text": "the light",
        "alias": "device",
        "meta": "@device",
        "userDefined": false
      }
    ],
    "isTemplate": false,
    "count": 0
  },
  {
    "id": "3a5b9e08-4e69-4c66-9361-2e1a2ad88327",
    "data": [
      {
        "text": "shut ",
        "userDefined": false
      },
      {
        "text": "the light",
        "alias": "device",
        "meta": "@device",
        "userDefined": false
      }
    ],
    "isTemplate": false,
    "count": 0
  },
  {
    "id": "bd122869-5700-4543-bed8-76a9e831eb48",
    "data": [
      {
        "text": "Turn off ",
        "userDefined": false
      },
      {
        "text": "the light",
        "alias": "device",
        "meta": "@device",
        "userDefined": false
      }
    ],
    "isTemplate": false,
    "count": 0
  }
]