[
  {
    "id": "38bfabc2-2eb6-4abc-ba1f-6869b4bf2381",
    "data": [
      {
        "text": "play their album",
        "userDefined": false
      }
    ],
    "isTemplate": false,
    "count": 0
  },
  {
    "id": "1605a48b-c5e3-4bdf-a089-7300b8c18621",
    "data": [
      {
        "text": "play her album",
        "userDefined": false
      }
    ],
    "isTemplate": false,
    "count": 0
  },
  {
    "id": "ff4c0cbf-0ccf-4d75-b0e3-4fc7e06d8cf8",
    "data": [
      {
        "text": "play his album",
        "userDefined": false
      }
    ],
    "isTemplate": false,
    "count": 0
  },
  {
    "id": "5d5125ac-cc40-419b-aac5-0d357c93abb5",
    "data": [
      {
        "text": "play album ",
        "userDefined": false
      },
      {
        "text": "Fly by Night",
        "alias": "music-album",
        "meta": "@music-album",
        "userDefined": true
      },
      {
        "text": " by ",
        "userDefined": false
      },
      {
        "text": "Rush",
        "alias": "music-artist",
        "meta": "@sys.music-artist",
        "userDefined": false
      }
    ],
    "isTemplate": false,
    "count": 0
  },
  {
    "id": "76b94072-921d-4296-ac25-65021e79690c",
    "data": [
      {
        "text": "play ",
        "userDefined": false
      },
      {
        "text": "Taylor Swift",
        "alias": "music-artist",
        "meta": "@sys.music-artist",
        "userDefined": false
      },
      {
        "text": " album",
        "userDefined": false
      }
    ],
    "isTemplate": false,
    "count": 0
  },
  {
    "id": "9dc6d06b-fa97-4633-856d-929543fd76e9",
    "data": [
      {
        "text": "play me some albums",
        "userDefined": false
      }
    ],
    "isTemplate": false,
    "count": 0
  },
  {
    "id": "714c51cb-3398-41cc-8a7f-b1013655de13",
    "data": [
      {
        "text": "I want some albums on ",
        "userDefined": false
      },
      {
        "text": "Eminem",
        "alias": "music-artist",
        "meta": "@sys.music-artist",
        "userDefined": false
      }
    ],
    "isTemplate": false,
    "count": 0
  },
  {
    "id": "79bf84de-57e9-423d-827f-eb14e94df469",
    "data": [
      {
        "text": "play the album ",
        "userDefined": false
      },
      {
        "text": "Un monde meilleur",
        "alias": "music-album",
        "meta": "@music-album",
        "userDefined": false
      },
      {
        "text": " by ",
        "userDefined": false
      },
      {
        "text": "Kids United",
        "alias": "music-artist",
        "meta": "@sys.music-artist",
        "userDefined": false
      },
      {
        "text": " on ",
        "userDefined": false
      },
      {
        "text": "iTunes",
        "alias": "music-service",
        "meta": "@music-service",
        "userDefined": true
      }
    ],
    "isTemplate": false,
    "count": 0
  },
  {
    "id": "3ec99e83-d429-40a8-b1a0-e6b57f6bf02d",
    "data": [
      {
        "text": "get ",
        "userDefined": false
      },
      {
        "text": "Eminem",
        "alias": "music-artist",
        "meta": "@sys.music-artist",
        "userDefined": true
      },
      {
        "text": "\u0027s albums",
        "userDefined": false
      }
    ],
    "isTemplate": false,
    "count": 0
  },
  {
    "id": "afe1108f-4743-4a42-88fc-18564ff0b895",
    "data": [
      {
        "text": "I want to listen to ",
        "userDefined": false
      },
      {
        "text": "Earth to Mars",
        "alias": "music-album",
        "meta": "@music-album",
        "userDefined": true
      },
      {
        "text": " performed by ",
        "userDefined": false
      },
      {
        "text": "Bruno Mars",
        "alias": "music-artist",
        "meta": "@sys.music-artist",
        "userDefined": false
      }
    ],
    "isTemplate": false,
    "count": 0
  },
  {
    "id": "67c73aca-83d6-4c80-b596-6b6c54d52bd3",
    "data": [
      {
        "text": "Get me some albums from  ",
        "userDefined": false
      },
      {
        "text": "Rihanna",
        "alias": "music-artist",
        "meta": "@sys.music-artist",
        "userDefined": false
      }
    ],
    "isTemplate": false,
    "count": 0
  },
  {
    "id": "020c8a2f-be84-42fa-9be9-fdabf24fb94a",
    "data": [
      {
        "text": "play album ",
        "userDefined": false
      },
      {
        "text": "London",
        "alias": "music-album",
        "meta": "@music-album",
        "userDefined": true
      },
      {
        "text": " calling by ",
        "userDefined": false
      },
      {
        "text": "The Clash",
        "alias": "music-artist",
        "meta": "@sys.music-artist",
        "userDefined": true
      }
    ],
    "isTemplate": false,
    "count": 0
  },
  {
    "id": "c8578128-c3eb-4c03-b557-6d8afcb42277",
    "data": [
      {
        "text": "play album by ",
        "userDefined": false
      },
      {
        "text": "Rihanna",
        "alias": "music-artist",
        "meta": "@sys.music-artist",
        "userDefined": false
      },
      {
        "text": " ",
        "userDefined": false
      },
      {
        "text": "year 2016",
        "alias": "date-period",
        "meta": "@sys.date-period",
        "userDefined": false
      }
    ],
    "isTemplate": false,
    "count": 0
  },
  {
    "id": "fcdc3b17-5686-45fa-854d-7f27c9d438f0",
    "data": [
      {
        "text": "play album ",
        "userDefined": false
      },
      {
        "text": "Born to Run",
        "alias": "music-album",
        "meta": "@music-album",
        "userDefined": false
      },
      {
        "text": " by ",
        "userDefined": false
      },
      {
        "text": "Bruce Springsteen",
        "alias": "music-artist",
        "meta": "@sys.music-artist",
        "userDefined": false
      },
      {
        "text": " on ",
        "userDefined": false
      },
      {
        "text": "Spotify",
        "alias": "music-service",
        "meta": "@music-service",
        "userDefined": false
      }
    ],
    "isTemplate": false,
    "count": 0
  },
  {
    "id": "a82f052c-c99e-441c-9abb-d1195ef8028b",
    "data": [
      {
        "text": "play the album ",
        "userDefined": false
      },
      {
        "text": "Divorcio",
        "alias": "music-album",
        "meta": "@music-album",
        "userDefined": true
      },
      {
        "text": " by ",
        "userDefined": false
      },
      {
        "text": "Julio Iglesia",
        "alias": "music-artist",
        "meta": "@sys.music-artist",
        "userDefined": true
      }
    ],
    "isTemplate": false,
    "count": 0
  },
  {
    "id": "356d6c3a-698d-4243-bfef-823e49c0d7d0",
    "data": [
      {
        "text": "I want some albums",
        "userDefined": false
      }
    ],
    "isTemplate": false,
    "count": 0
  },
  {
    "id": "b680a657-9e93-4048-b445-deac24280e86",
    "data": [
      {
        "text": "play album ",
        "userDefined": false
      },
      {
        "text": "Graceland",
        "alias": "music-album",
        "meta": "@music-album",
        "userDefined": true
      },
      {
        "text": " by ",
        "userDefined": false
      },
      {
        "text": "Paul Simon",
        "alias": "music-artist",
        "meta": "@sys.music-artist",
        "userDefined": false
      }
    ],
    "isTemplate": false,
    "count": 0
  },
  {
    "id": "956b7e3d-4541-4210-9896-a6c316f9c3da",
    "data": [
      {
        "text": "play an album by ",
        "userDefined": false
      },
      {
        "text": "Madonna",
        "alias": "music-artist",
        "meta": "@sys.music-artist",
        "userDefined": false
      }
    ],
    "isTemplate": false,
    "count": 0
  },
  {
    "id": "8c8c64db-d15f-4eb6-8f4d-8881279059a7",
    "data": [
      {
        "text": "play album ",
        "userDefined": false
      },
      {
        "text": "Appetite for destruction",
        "alias": "music-album",
        "meta": "@music-album",
        "userDefined": false
      },
      {
        "text": " by ",
        "userDefined": false
      },
      {
        "text": "Guns n Roses",
        "alias": "music-artist",
        "meta": "@sys.music-artist",
        "userDefined": false
      }
    ],
    "isTemplate": false,
    "count": 0
  }
]