[
  {
    "id": "a711a5fa-56d4-4192-a46d-76e47fad9451",
    "data": [
      {
        "text": "Blank Space",
        "alias": "song",
        "meta": "@song",
        "userDefined": true
      },
      {
        "text": " song",
        "userDefined": false
      }
    ],
    "isTemplate": false,
    "count": 0
  },
  {
    "id": "a4c70158-aa04-4bc2-86f2-4ab427fa4d84",
    "data": [
      {
        "text": "start up the track ",
        "userDefined": false
      },
      {
        "text": "Come Together",
        "alias": "song",
        "meta": "@song",
        "userDefined": true
      }
    ],
    "isTemplate": false,
    "count": 0
  },
  {
    "id": "33edd16d-be7f-49da-9812-363c03979322",
    "data": [
      {
        "text": "play song ",
        "userDefined": false
      },
      {
        "text": "Thriller",
        "alias": "song",
        "meta": "@song",
        "userDefined": true
      }
    ],
    "isTemplate": false,
    "count": 0
  },
  {
    "id": "755e5850-2aca-454b-a21a-44e469130229",
    "data": [
      {
        "text": "play ",
        "userDefined": false
      },
      {
        "text": "Song of Joy",
        "alias": "song",
        "meta": "@song",
        "userDefined": true
      }
    ],
    "isTemplate": false,
    "count": 0
  },
  {
    "id": "98046d30-ed7d-4a7b-928d-1c56ce683ffe",
    "data": [
      {
        "text": "Tom Waits",
        "alias": "song",
        "meta": "@song",
        "userDefined": true
      },
      {
        "text": " songs",
        "userDefined": false
      }
    ],
    "isTemplate": false,
    "count": 0
  },
  {
    "id": "53225e76-5b6e-4bc9-87a8-f6b821a9c4d8",
    "data": [
      {
        "text": "can you play the song ",
        "userDefined": false
      },
      {
        "text": "Beauty and a Beat",
        "alias": "song",
        "meta": "@song",
        "userDefined": true
      }
    ],
    "isTemplate": false,
    "count": 0
  },
  {
    "id": "79113e49-ba1c-4270-863a-53a427e86704",
    "data": [
      {
        "text": "can you play ",
        "userDefined": false
      },
      {
        "text": "How You Remind Me",
        "alias": "song",
        "meta": "@song",
        "userDefined": true
      }
    ],
    "isTemplate": false,
    "count": 0
  },
  {
    "id": "f635ab48-4c31-4216-8e69-decfad97f04f",
    "data": [
      {
        "text": "I want to listen to a song",
        "userDefined": false
      }
    ],
    "isTemplate": false,
    "count": 0
  },
  {
    "id": "fd43f21f-1e7d-4fe8-a86a-a859d02c16db",
    "data": [
      {
        "text": "play the song ",
        "userDefined": false
      },
      {
        "text": "Love Me Like You Do",
        "alias": "song",
        "meta": "@song",
        "userDefined": true
      }
    ],
    "isTemplate": false,
    "count": 0
  },
  {
    "id": "7096f33c-1e9a-44ad-83a6-f5be479830a4",
    "data": [
      {
        "text": "play a ",
        "userDefined": false
      },
      {
        "text": "country",
        "alias": "music-genre",
        "meta": "@sys.music-genre",
        "userDefined": true
      },
      {
        "text": " song",
        "userDefined": false
      }
    ],
    "isTemplate": false,
    "count": 0
  },
  {
    "id": "b555ac29-7e50-4e16-8f96-edc9b7fc9cef",
    "data": [
      {
        "text": "play song ",
        "userDefined": false
      },
      {
        "text": "In Da Club",
        "alias": "song",
        "meta": "@song",
        "userDefined": true
      }
    ],
    "isTemplate": false,
    "count": 0
  },
  {
    "id": "f0f4ea96-bacd-4572-9caf-707c8375dc94",
    "data": [
      {
        "text": "play ",
        "userDefined": false
      },
      {
        "text": "Budapest",
        "alias": "song",
        "meta": "@song",
        "userDefined": true
      }
    ],
    "isTemplate": false,
    "count": 0
  },
  {
    "id": "6ac6f659-184e-4486-a585-8b9df7a8247c",
    "data": [
      {
        "text": "turn on a song",
        "userDefined": false
      }
    ],
    "isTemplate": false,
    "count": 0
  },
  {
    "id": "5fdccf8f-629e-4bab-80b3-9aaccff2d3e2",
    "data": [
      {
        "text": "play ",
        "userDefined": false
      },
      {
        "text": "Blackbird",
        "alias": "song",
        "meta": "@song",
        "userDefined": true
      },
      {
        "text": " from SD card",
        "userDefined": false
      }
    ],
    "isTemplate": false,
    "count": 0
  },
  {
    "id": "4048fadc-cb22-4a3b-a8cd-88acb7d0dac9",
    "data": [
      {
        "text": "play genre ",
        "userDefined": false
      },
      {
        "text": "RnB",
        "alias": "music-genre",
        "meta": "@sys.music-genre",
        "userDefined": true
      }
    ],
    "isTemplate": false,
    "count": 0
  },
  {
    "id": "f661f204-a074-44b4-acd8-4d84536312b9",
    "data": [
      {
        "text": "Can\u0027t Feel My Face",
        "alias": "song",
        "meta": "@song",
        "userDefined": true
      },
      {
        "text": " on ",
        "userDefined": false
      },
      {
        "text": "Google Music",
        "alias": "music-service",
        "meta": "@music-service",
        "userDefined": false
      }
    ],
    "isTemplate": false,
    "count": 0
  }
]