[
  {
    "id": "b4981361-adfa-40ce-bf9d-669707fb9786",
    "data": [
      {
        "text": "play a ",
        "userDefined": false
      },
      {
        "text": "U2",
        "alias": "music-artist",
        "meta": "@sys.music-artist",
        "userDefined": false
      },
      {
        "text": " song",
        "userDefined": false
      }
    ],
    "isTemplate": false,
    "count": 0
  },
  {
    "id": "276d9b14-e8e8-4bcd-8be6-9817b8b39730",
    "data": [
      {
        "text": "let\u0027s hear ",
        "userDefined": false
      },
      {
        "text": "The Beatles",
        "alias": "music-artist",
        "meta": "@sys.music-artist",
        "userDefined": false
      }
    ],
    "isTemplate": false,
    "count": 0
  },
  {
    "id": "87a78cbd-f24c-43d7-ae88-854f0a30746c",
    "data": [
      {
        "text": "play song by ",
        "userDefined": false
      },
      {
        "text": "Shaggy",
        "alias": "music-artist",
        "meta": "@sys.music-artist",
        "userDefined": false
      }
    ],
    "isTemplate": false,
    "count": 0
  },
  {
    "id": "0084b139-fc33-4fb2-af23-0b3d77904f8e",
    "data": [
      {
        "text": "let me hear some music by ",
        "userDefined": false
      },
      {
        "text": "Coldplay",
        "alias": "music-artist",
        "meta": "@sys.music-artist",
        "userDefined": true
      }
    ],
    "isTemplate": false,
    "count": 0
  },
  {
    "id": "763e658a-be91-49e5-a4c0-a599906ef473",
    "data": [
      {
        "text": "play song by ",
        "userDefined": false
      },
      {
        "text": "Eminem",
        "alias": "music-artist",
        "meta": "@sys.music-artist",
        "userDefined": false
      },
      {
        "text": " and ",
        "userDefined": false
      },
      {
        "text": "Rihanna",
        "alias": "music-artist",
        "meta": "@sys.music-artist",
        "userDefined": true
      }
    ],
    "isTemplate": false,
    "count": 0
  },
  {
    "id": "baaa0ac6-af0a-435a-b190-2b0ca7390e96",
    "data": [
      {
        "text": "Eminem",
        "alias": "music-artist",
        "meta": "@sys.music-artist",
        "userDefined": false
      },
      {
        "text": " song",
        "userDefined": false
      }
    ],
    "isTemplate": false,
    "count": 0
  },
  {
    "id": "07967db5-45b5-4960-bcf3-54831bd0380e",
    "data": [
      {
        "text": "play ",
        "userDefined": false
      },
      {
        "text": "Meghan Trainor",
        "alias": "music-artist",
        "meta": "@sys.music-artist",
        "userDefined": false
      }
    ],
    "isTemplate": false,
    "count": 0
  },
  {
    "id": "b95a386a-2d6b-4ccc-aafe-dc2050dc3cb9",
    "data": [
      {
        "text": "play ",
        "userDefined": false
      },
      {
        "text": "Red Hot Chili Peppers",
        "alias": "music-artist",
        "meta": "@sys.music-artist",
        "userDefined": false
      }
    ],
    "isTemplate": false,
    "count": 0
  },
  {
    "id": "eaccbd88-4e7e-4ccb-a29f-5f2ff3f9dce0",
    "data": [
      {
        "text": "play ",
        "userDefined": false
      },
      {
        "text": "Drake",
        "alias": "music-artist",
        "meta": "@sys.music-artist",
        "userDefined": false
      }
    ],
    "isTemplate": false,
    "count": 0
  },
  {
    "id": "6deadc75-af08-4ac7-9ee4-186531013571",
    "data": [
      {
        "text": "Tom Waits",
        "alias": "music-artist",
        "meta": "@sys.music-artist",
        "userDefined": false
      },
      {
        "text": " songs",
        "userDefined": false
      }
    ],
    "isTemplate": false,
    "count": 0
  }
]