[
  {
    "id": "b1069389-a639-4c96-88b7-a3c2749dfb18",
    "data": [
      {
        "text": "get the album ",
        "userDefined": false
      },
      {
        "text": "Un monde meilleur",
        "alias": "music-album",
        "meta": "@music-album",
        "userDefined": false
      }
    ],
    "isTemplate": false,
    "count": 0
  },
  {
    "id": "200bb63a-0add-45c9-9cc6-9158e7a0e29f",
    "data": [
      {
        "text": "play an album",
        "userDefined": false
      }
    ],
    "isTemplate": false,
    "count": 0
  },
  {
    "id": "af498350-5d93-4aad-aed4-77632904a064",
    "data": [
      {
        "text": "play ",
        "userDefined": false
      },
      {
        "text": "Graceland",
        "alias": "music-album",
        "meta": "@music-album",
        "userDefined": false
      },
      {
        "text": " album",
        "userDefined": false
      }
    ],
    "isTemplate": false,
    "count": 0
  },
  {
    "id": "809d05b8-9d64-4dd6-af62-f571df1e1125",
    "data": [
      {
        "text": "let\u0027s hear some album",
        "userDefined": false
      }
    ],
    "isTemplate": false,
    "count": 0
  },
  {
    "id": "5fafe21f-e725-4b84-af75-8fb4ff2d39d5",
    "data": [
      {
        "text": "get me an album",
        "userDefined": false
      }
    ],
    "isTemplate": false,
    "count": 0
  },
  {
    "id": "5321b0e4-9f2d-4865-8e89-3f4ce49e02f8",
    "data": [
      {
        "text": "start playing ",
        "userDefined": false
      },
      {
        "text": "Closing Time",
        "alias": "music-album",
        "meta": "@music-album",
        "userDefined": false
      }
    ],
    "isTemplate": false,
    "count": 0
  },
  {
    "id": "35ef5cd6-c741-47b8-b793-24464046abfb",
    "data": [
      {
        "text": "turn up  ",
        "userDefined": false
      },
      {
        "text": "Earth to Mars",
        "alias": "music-album",
        "meta": "@music-album",
        "userDefined": true
      }
    ],
    "isTemplate": false,
    "count": 0
  },
  {
    "id": "f6d0284f-dfbe-4ded-a93d-12c47be248a8",
    "data": [
      {
        "text": "let\u0027s hear ",
        "userDefined": false
      },
      {
        "text": "London",
        "alias": "music-album",
        "meta": "@music-album",
        "userDefined": true
      }
    ],
    "isTemplate": false,
    "count": 0
  },
  {
    "id": "03bfc79d-0d73-4493-8465-513b584f81d0",
    "data": [
      {
        "text": "I want ",
        "userDefined": false
      },
      {
        "text": "Fly by Night",
        "alias": "music-album",
        "meta": "@music-album",
        "userDefined": true
      }
    ],
    "isTemplate": false,
    "count": 0
  },
  {
    "id": "378c80db-8527-4bae-b369-252809a49458",
    "data": [
      {
        "text": "play album ",
        "userDefined": false
      },
      {
        "text": "Divorcio",
        "alias": "music-album",
        "meta": "@music-album",
        "userDefined": false
      }
    ],
    "isTemplate": false,
    "count": 0
  }
]